ROI,Layer,Model,R,%R2,Significance,SEM,LNC,UNC
lPFop_sub-01,backbone.blocks.11,vit_base_t=15_gs=112_94308951,0.10417948941281104,,8.985376069418896e-16,0.010970577007530277,,
lRSC_sub-01,backbone.blocks.11,vit_base_t=15_gs=112_94308951,0.1402645314317798,,1.7705765676915417e-28,0.011098069519942595,,
rV3v_sub-01,backbone.blocks.11,vit_base_t=15_gs=112_94308951,0.19151564752526107,,5.414190282328075e-22,0.016372735807436353,,
lPPA_sub-01,backbone.blocks.11,vit_base_t=15_gs=112_94308951,0.17731141499520855,,3.7919629430111496e-26,0.013954609610494243,,
rIPS0_sub-01,backbone.blocks.11,vit_base_t=15_gs=112_94308951,0.27258197077155494,,1.187211937418709e-28,0.01801012201171861,,
rMT_sub-01,backbone.blocks.11,vit_base_t=15_gs=112_94308951,0.4513839130681932,,1.3575820428081157e-27,0.022132511810279226,,
lV3v_sub-01,backbone.blocks.11,vit_base_t=15_gs=112_94308951,0.19337720337646613,,1.3465597333264772e-22,0.015747227346557615,,
lhV4_sub-01,backbone.blocks.11,vit_base_t=15_gs=112_94308951,0.2685451540919173,,1.1680197795504642e-18,0.021918454059344426,,
rV1v_sub-01,backbone.blocks.11,vit_base_t=15_gs=112_94308951,0.13332014652103347,,6.670077772080802e-20,0.012815091095364608,,
rTOS_sub-01,backbone.blocks.11,vit_base_t=15_gs=112_94308951,0.21050532982483317,,1.3847321567884302e-06,0.036444922483829856,,
lFFA_sub-01,backbone.blocks.11,vit_base_t=15_gs=112_94308951,0.2219109970025031,,1.1250816551678837e-27,0.015841996373385066,,
rBA2_sub-01,backbone.blocks.11,vit_base_t=15_gs=112_94308951,0.13792643678986777,,2.178625677555747e-37,0.009187123789789378,,
rIPS1-2-3_sub-01,backbone.blocks.11,vit_base_t=15_gs=112_94308951,0.2204343446668578,,1.865161648029325e-23,0.017302896085958103,,
rPPA_sub-01,backbone.blocks.11,vit_base_t=15_gs=112_94308951,0.2031226646200644,,1.23112766787485e-21,0.01740910638104669,,
rV1d_sub-01,backbone.blocks.11,vit_base_t=15_gs=112_94308951,0.23870115876428588,,3.126258194200236e-30,0.017043396430157915,,
lIPS0_sub-01,backbone.blocks.11,vit_base_t=15_gs=112_94308951,0.19904003034159834,,2.4115133741932618e-24,0.015466973990751358,,
lBA2_sub-01,backbone.blocks.11,vit_base_t=15_gs=112_94308951,0.14378406795654838,,2.8971219318460874e-41,0.00882333730605822,,
lTOS_sub-01,backbone.blocks.11,vit_base_t=15_gs=112_94308951,0.14249456334854688,,0.0015844734261415737,0.034238541197172886,,
lPFt_sub-01,backbone.blocks.11,vit_base_t=15_gs=112_94308951,0.20120602647202837,,1.212840828340389e-26,0.014562198022696766,,
rPFop_sub-01,backbone.blocks.11,vit_base_t=15_gs=112_94308951,0.13611614336814812,,1.234418922866173e-16,0.013589039698011063,,
rPFt_sub-01,backbone.blocks.11,vit_base_t=15_gs=112_94308951,0.23663957570007646,,1.0261013105049567e-29,0.015540941343702428,,
rEBA_sub-01,backbone.blocks.11,vit_base_t=15_gs=112_94308951,0.35381833764741705,,1.253016638791482e-31,0.02173368677003024,,
BMDgeneral_sub-01,backbone.blocks.11,vit_base_t=15_gs=112_94308951,0.23083239993080665,,0.0,0.0015489235547582888,,
rV3ab_sub-01,backbone.blocks.11,vit_base_t=15_gs=112_94308951,0.27079101947516965,,1.6421979022359538e-69,0.010579835124935906,,
r7AL_sub-01,backbone.blocks.11,vit_base_t=15_gs=112_94308951,0.15804541696286376,,2.0326844462019104e-19,0.014532312577909124,,
lLOC_sub-01,backbone.blocks.11,vit_base_t=15_gs=112_94308951,0.22618888938975099,,5.749637760098345e-159,0.006705835714723362,,
rFFA_sub-01,backbone.blocks.11,vit_base_t=15_gs=112_94308951,0.20509945774204488,,1.667223752367011e-38,0.013131600835925206,,
lSTS_sub-01,backbone.blocks.11,vit_base_t=15_gs=112_94308951,0.08590632287009892,,1.5519507489070116e-13,0.01084963878714047,,
rV2v_sub-01,backbone.blocks.11,vit_base_t=15_gs=112_94308951,0.21114067531387437,,1.283645419151552e-32,0.014144657338956007,,
lV1d_sub-01,backbone.blocks.11,vit_base_t=15_gs=112_94308951,0.23710364895625918,,6.2883934627566396e-34,0.015721951557905272,,
rOFA_sub-01,backbone.blocks.11,vit_base_t=15_gs=112_94308951,0.22277349269113947,,4.55266281696272e-14,0.024760512412174654,,
WB_sub-01,backbone.blocks.11,vit_base_t=15_gs=112_94308951,0.05492068244911919,,0.0,0.00043757764584429306,,
lV3d_sub-01,backbone.blocks.11,vit_base_t=15_gs=112_94308951,0.2879703091587831,,7.365771596813258e-32,0.017941043969549087,,
lMT_sub-01,backbone.blocks.11,vit_base_t=15_gs=112_94308951,0.3556891705364144,,5.4945599061412273e-17,0.024269469124697816,,
rV2d_sub-01,backbone.blocks.11,vit_base_t=15_gs=112_94308951,0.2535387688493403,,2.660033871644534e-34,0.016349878196116947,,
lV2v_sub-01,backbone.blocks.11,vit_base_t=15_gs=112_94308951,0.19291114273139937,,1.261713411859093e-28,0.014280201731294921,,
lOFA_sub-01,backbone.blocks.11,vit_base_t=15_gs=112_94308951,0.12763025942094983,,0.0003997323358434144,0.03160373754740097,,
lV3ab_sub-01,backbone.blocks.11,vit_base_t=15_gs=112_94308951,0.20877295605968443,,1.1487183618635472e-34,0.012865306856366051,,
l7AL_sub-01,backbone.blocks.11,vit_base_t=15_gs=112_94308951,0.15132921938170454,,2.3566917413839487e-16,0.01589081970577226,,
rLOC_sub-01,backbone.blocks.11,vit_base_t=15_gs=112_94308951,0.29865298654935246,,6.76687278002622e-185,0.007614675105249056,,
rV3d_sub-01,backbone.blocks.11,vit_base_t=15_gs=112_94308951,0.3280516857446101,,5.787391934201717e-40,0.015377415038486268,,
rRSC_sub-01,backbone.blocks.11,vit_base_t=15_gs=112_94308951,0.16967081990052807,,4.445758271635922e-57,0.00908771685760111,,
lIPS1-2-3_sub-01,backbone.blocks.11,vit_base_t=15_gs=112_94308951,0.17930412673672586,,1.6444250830017168e-22,0.01427047391188721,,
lEBA_sub-01,backbone.blocks.11,vit_base_t=15_gs=112_94308951,0.28224706449686426,,6.948848240863585e-49,0.014443382538322362,,
rSTS_sub-01,backbone.blocks.11,vit_base_t=15_gs=112_94308951,0.10459253560773867,,6.163110945549125e-50,0.006349997931371472,,
rhV4_sub-01,backbone.blocks.11,vit_base_t=15_gs=112_94308951,0.36095115954306106,,6.1554657113356146e-37,0.017042842404772798,,
lV2d_sub-01,backbone.blocks.11,vit_base_t=15_gs=112_94308951,0.3033617807825818,,2.9345274668552806e-33,0.019312762698700123,,
lV1v_sub-01,backbone.blocks.11,vit_base_t=15_gs=112_94308951,0.22691637557778832,,6.40795241034274e-31,0.016410223223608505,,
lV1v_sub-02,backbone.blocks.11,vit_base_t=15_gs=112_94308951,0.14837371859516962,,4.955322937482518e-30,0.010958896729134218,,
lhV4_sub-02,backbone.blocks.11,vit_base_t=15_gs=112_94308951,0.1973450398874032,,5.790784979262352e-15,0.019604955942835716,,
lSTS_sub-02,backbone.blocks.11,vit_base_t=15_gs=112_94308951,0.04844508922908145,,3.903487257832389e-07,0.009235415957915574,,
lBA2_sub-02,backbone.blocks.11,vit_base_t=15_gs=112_94308951,0.03371319044000325,,1.0183963894199097e-07,0.0061494258732874025,,
rPPA_sub-02,backbone.blocks.11,vit_base_t=15_gs=112_94308951,0.14855196638626864,,8.552421201477144e-19,0.014152765365925564,,
rV2d_sub-02,backbone.blocks.11,vit_base_t=15_gs=112_94308951,0.21901390900183546,,5.987236403658729e-29,0.01609620986745898,,
rV1v_sub-02,backbone.blocks.11,vit_base_t=15_gs=112_94308951,0.21052616371771948,,9.991782672704202e-28,0.0159784150861724,,
lV3d_sub-02,backbone.blocks.11,vit_base_t=15_gs=112_94308951,0.20581337475876307,,2.1981361998467967e-23,0.01657807509536278,,
rEBA_sub-02,backbone.blocks.11,vit_base_t=15_gs=112_94308951,0.33540992630951344,,1.8176336044263098e-30,0.02130622742340124,,
rhV4_sub-02,backbone.blocks.11,vit_base_t=15_gs=112_94308951,0.2992483715864607,,8.702649811480505e-33,0.016074607846245387,,
rV3d_sub-02,backbone.blocks.11,vit_base_t=15_gs=112_94308951,0.21790610567743307,,4.7572192503064834e-33,0.012398049608300554,,
WB_sub-02,backbone.blocks.11,vit_base_t=15_gs=112_94308951,0.04210533294787097,,0.0,0.0003906789090339663,,
rOFA_sub-02,backbone.blocks.11,vit_base_t=15_gs=112_94308951,0.08965066709692243,,4.526419540064113e-05,0.02087258580064802,,
lV3ab_sub-02,backbone.blocks.11,vit_base_t=15_gs=112_94308951,0.1799539375766916,,4.2051496352422695e-37,0.010466442788568927,,
rLOC_sub-02,backbone.blocks.11,vit_base_t=15_gs=112_94308951,0.27551462723729586,,4.5143237992013205e-188,0.006925078170823983,,
r7AL_sub-02,backbone.blocks.11,vit_base_t=15_gs=112_94308951,0.054798200620024516,,1.2267583614811375e-06,0.010702718784313966,,
rBA2_sub-02,backbone.blocks.11,vit_base_t=15_gs=112_94308951,0.038339360028949825,,7.426621408138475e-08,0.006927270043326346,,
lV2v_sub-02,backbone.blocks.11,vit_base_t=15_gs=112_94308951,0.08107279915964527,,1.697014717808055e-10,0.011912546828959722,,
lRSC_sub-02,backbone.blocks.11,vit_base_t=15_gs=112_94308951,0.09488576472053396,,6.726552137333653e-25,0.008212525026206825,,
rFFA_sub-02,backbone.blocks.11,vit_base_t=15_gs=112_94308951,0.23406676618065908,,1.3578567110248264e-43,0.013670334026069476,,
lV1d_sub-02,backbone.blocks.11,vit_base_t=15_gs=112_94308951,0.2043225551900147,,5.809281194353368e-27,0.016065349129315,,
rSTS_sub-02,backbone.blocks.11,vit_base_t=15_gs=112_94308951,0.11461750662588778,,1.5486381360744553e-57,0.006359118480799471,,
rV3ab_sub-02,backbone.blocks.11,vit_base_t=15_gs=112_94308951,0.26398865068515964,,5.2752724240065245e-73,0.009847144786364372,,
lV2d_sub-02,backbone.blocks.11,vit_base_t=15_gs=112_94308951,0.17886781846489147,,6.07438107270327e-19,0.017445938057510154,,
rRSC_sub-02,backbone.blocks.11,vit_base_t=15_gs=112_94308951,0.11804591234937738,,6.608119255749944e-49,0.007018264870072851,,
l7AL_sub-02,backbone.blocks.11,vit_base_t=15_gs=112_94308951,0.07232017710202754,,1.37043733378886e-10,0.010289548684503979,,
rMT_sub-02,backbone.blocks.11,vit_base_t=15_gs=112_94308951,0.25476837816962045,,8.288141504091656e-17,0.0216013897464157,,
lIPS0_sub-02,backbone.blocks.11,vit_base_t=15_gs=112_94308951,0.16894433045201912,,5.015498601756861e-25,0.012839652148470519,,
rV1d_sub-02,backbone.blocks.11,vit_base_t=15_gs=112_94308951,0.3479312934635573,,2.5559275058481914e-47,0.01720818294374864,,
rPFt_sub-02,backbone.blocks.11,vit_base_t=15_gs=112_94308951,0.07006318632158662,,2.3482264613930042e-09,0.01083965176935515,,
lPFop_sub-02,backbone.blocks.11,vit_base_t=15_gs=112_94308951,0.04690734964387755,,3.3006695553858524e-05,0.01080584312689323,,
rV3v_sub-02,backbone.blocks.11,vit_base_t=15_gs=112_94308951,0.22390325585356566,,4.921930716777856e-25,0.01732062324101771,,
lPPA_sub-02,backbone.blocks.11,vit_base_t=15_gs=112_94308951,0.145521355326183,,2.3999331533192038e-25,0.01171765307452881,,
rV2v_sub-02,backbone.blocks.11,vit_base_t=15_gs=112_94308951,0.11079762411070461,,1.4499957736344244e-13,0.013765284477323772,,
lIPS1-2-3_sub-02,backbone.blocks.11,vit_base_t=15_gs=112_94308951,0.12074257221150823,,1.0387583197104541e-18,0.011145066135873075,,
rIPS0_sub-02,backbone.blocks.11,vit_base_t=15_gs=112_94308951,0.19780468133237425,,1.0584129777240597e-32,0.011586377136962162,,
rTOS_sub-02,backbone.blocks.11,vit_base_t=15_gs=112_94308951,0.19091651168588308,,6.634890457502802e-11,0.020906597407462608,,
BMDgeneral_sub-02,backbone.blocks.11,vit_base_t=15_gs=112_94308951,0.17304669040815168,,0.0,0.0014606715597004977,,
rPFop_sub-02,backbone.blocks.11,vit_base_t=15_gs=112_94308951,0.1172719670255751,,2.1038203834320257e-23,0.008878075455815985,,
rIPS1-2-3_sub-02,backbone.blocks.11,vit_base_t=15_gs=112_94308951,0.1912722488192316,,3.604046920381019e-27,0.01327605194298608,,
lV3v_sub-02,backbone.blocks.11,vit_base_t=15_gs=112_94308951,0.1551997751022407,,1.206439555586411e-16,0.015956085961990774,,
lTOS_sub-02,backbone.blocks.11,vit_base_t=15_gs=112_94308951,0.05677121312351672,,0.16986165649854634,0.03864807752259583,,
lOFA_sub-02,backbone.blocks.11,vit_base_t=15_gs=112_94308951,0.2469013567704808,,4.050172584223358e-07,0.03721519037362252,,
lLOC_sub-02,backbone.blocks.11,vit_base_t=15_gs=112_94308951,0.23828457402035894,,1.0448366063555502e-180,0.0064005305015771684,,
lFFA_sub-02,backbone.blocks.11,vit_base_t=15_gs=112_94308951,0.16104338818070985,,1.6944679672926037e-18,0.015651206514719032,,
lMT_sub-02,backbone.blocks.11,vit_base_t=15_gs=112_94308951,0.23496523336794076,,2.01641260798399e-08,0.0330416493655294,,
lEBA_sub-02,backbone.blocks.11,vit_base_t=15_gs=112_94308951,0.18798407836305084,,8.185742509419925e-30,0.014055279695618407,,
lPFt_sub-02,backbone.blocks.11,vit_base_t=15_gs=112_94308951,0.042730076986054424,,5.04292954931415e-06,0.008944798164168266,,
rIPS0_sub-03,backbone.blocks.11,vit_base_t=15_gs=112_94308951,0.18448092130113583,,5.435359459770737e-31,0.011358136239894717,,
rPFt_sub-03,backbone.blocks.11,vit_base_t=15_gs=112_94308951,-0.003916534435823836,,0.673873924337179,0.009283531666278991,,
rBA2_sub-03,backbone.blocks.11,vit_base_t=15_gs=112_94308951,0.041326944769950705,,5.205896941211595e-11,0.006037771541311525,,
rV3d_sub-03,backbone.blocks.11,vit_base_t=15_gs=112_94308951,0.24948460470489797,,1.1730520395913205e-28,0.016218583704475247,,
l7AL_sub-03,backbone.blocks.11,vit_base_t=15_gs=112_94308951,0.01154307814454669,,0.301665934445904,0.011127637525696907,,
rV3ab_sub-03,backbone.blocks.11,vit_base_t=15_gs=112_94308951,0.1791910464374362,,3.844035640141851e-47,0.009753010191102692,,
lIPS1-2-3_sub-03,backbone.blocks.11,vit_base_t=15_gs=112_94308951,0.10648715311288505,,1.2542479820729257e-13,0.01246421535402404,,
lFFA_sub-03,backbone.blocks.11,vit_base_t=15_gs=112_94308951,0.21219175501615783,,3.7302624966711454e-21,0.01867920639004279,,
rV1v_sub-03,backbone.blocks.11,vit_base_t=15_gs=112_94308951,0.0705089279467949,,2.596604311074851e-09,0.011206265387183062,,
lPFop_sub-03,backbone.blocks.11,vit_base_t=15_gs=112_94308951,0.03037463712567793,,0.007753379893456159,0.011186233509872434,,
lV2v_sub-03,backbone.blocks.11,vit_base_t=15_gs=112_94308951,0.173515551836731,,1.7160483285330525e-17,0.018199599535891918,,
rFFA_sub-03,backbone.blocks.11,vit_base_t=15_gs=112_94308951,0.1707802017446958,,1.0258516183484812e-29,0.013120108790228905,,
lhV4_sub-03,backbone.blocks.11,vit_base_t=15_gs=112_94308951,0.32558359313940716,,5.876588598597622e-28,0.017495189672688295,,
rV2d_sub-03,backbone.blocks.11,vit_base_t=15_gs=112_94308951,0.2795522868293711,,3.5313010841670757e-38,0.016532695442869158,,
rRSC_sub-03,backbone.blocks.11,vit_base_t=15_gs=112_94308951,0.11037935272287881,,7.059358989074199e-34,0.008307220753135084,,
lOFA_sub-03,backbone.blocks.11,vit_base_t=15_gs=112_94308951,0.11745825126451503,,0.0009798865047903435,0.03176786676335647,,
lLOC_sub-03,backbone.blocks.11,vit_base_t=15_gs=112_94308951,0.21195317663253743,,2.5493124657404665e-155,0.006393912852158229,,
lBA2_sub-03,backbone.blocks.11,vit_base_t=15_gs=112_94308951,0.028502027021284494,,6.570382419453798e-06,0.006190375211224194,,
rMT_sub-03,backbone.blocks.11,vit_base_t=15_gs=112_94308951,0.33091812526391234,,2.2171113493557323e-21,0.021935337688461596,,
lEBA_sub-03,backbone.blocks.11,vit_base_t=15_gs=112_94308951,0.22714793284608747,,1.6880942039238685e-34,0.015277613283489054,,
r7AL_sub-03,backbone.blocks.11,vit_base_t=15_gs=112_94308951,0.02575789044307083,,0.005023792619455097,0.009005920877025788,,
rPPA_sub-03,backbone.blocks.11,vit_base_t=15_gs=112_94308951,0.20455180492056155,,2.7718468441163147e-22,0.017138607319561634,,
rV1d_sub-03,backbone.blocks.11,vit_base_t=15_gs=112_94308951,0.14467975750864617,,2.885369101345563e-15,0.016662594867896705,,
rLOC_sub-03,backbone.blocks.11,vit_base_t=15_gs=112_94308951,0.24340850155282925,,4.9311964691615536e-154,0.007187645185922338,,
rOFA_sub-03,backbone.blocks.11,vit_base_t=15_gs=112_94308951,0.10168949367505832,,8.471318715561133e-07,0.0191682410435819,,
lV1d_sub-03,backbone.blocks.11,vit_base_t=15_gs=112_94308951,0.11209647363089088,,3.494238457024995e-12,0.0150388305192852,,
rhV4_sub-03,backbone.blocks.11,vit_base_t=15_gs=112_94308951,0.3469568649211331,,4.4706887668313956e-32,0.019066189370364854,,
rV2v_sub-03,backbone.blocks.11,vit_base_t=15_gs=112_94308951,0.11606376779691377,,1.196611226301887e-13,0.014361456153511242,,
lV2d_sub-03,backbone.blocks.11,vit_base_t=15_gs=112_94308951,0.12870389404824192,,9.693607156951715e-15,0.01492843180644606,,
lRSC_sub-03,backbone.blocks.11,vit_base_t=15_gs=112_94308951,0.09382489924083058,,4.6561076202899076e-20,0.009347303705222233,,
WB_sub-03,backbone.blocks.11,vit_base_t=15_gs=112_94308951,0.03447282557491142,,0.0,0.0003988427978680469,,
lPPA_sub-03,backbone.blocks.11,vit_base_t=15_gs=112_94308951,0.13069506311254378,,1.600645753037944e-19,0.012668297636617802,,
rPFop_sub-03,backbone.blocks.11,vit_base_t=15_gs=112_94308951,0.040555953622205376,,0.00017360373378650783,0.010383173369069645,,
rSTS_sub-03,backbone.blocks.11,vit_base_t=15_gs=112_94308951,0.14870432245018053,,6.048106401015765e-57,0.008305355915213265,,
rEBA_sub-03,backbone.blocks.11,vit_base_t=15_gs=112_94308951,0.23638674202811488,,2.6106343482736174e-21,0.02020122150751027,,
lTOS_sub-03,backbone.blocks.11,vit_base_t=15_gs=112_94308951,0.13548339312527297,,0.0026440193188729077,0.035080852659917436,,
lMT_sub-03,backbone.blocks.11,vit_base_t=15_gs=112_94308951,0.19039562591168055,,6.178499412806105e-07,0.031705345815164675,,
rTOS_sub-03,backbone.blocks.11,vit_base_t=15_gs=112_94308951,0.15578051213070884,,3.2702041043735494e-08,0.022250312147078795,,
lV3d_sub-03,backbone.blocks.11,vit_base_t=15_gs=112_94308951,0.17623541591691855,,9.49979899900993e-19,0.016795710835221415,,
lPFt_sub-03,backbone.blocks.11,vit_base_t=15_gs=112_94308951,0.007135030649838325,,0.4818332413923959,0.010112932169318526,,
lV3v_sub-03,backbone.blocks.11,vit_base_t=15_gs=112_94308951,0.2669816414890458,,2.0298834418799304e-26,0.01913186417090632,,
rV3v_sub-03,backbone.blocks.11,vit_base_t=15_gs=112_94308951,0.16667692662211586,,8.086261342314243e-22,0.0143352495998765,,
lV1v_sub-03,backbone.blocks.11,vit_base_t=15_gs=112_94308951,0.09662918383881774,,9.279865636431133e-15,0.011525979951419645,,
BMDgeneral_sub-03,backbone.blocks.11,vit_base_t=15_gs=112_94308951,0.16760306672750547,,0.0,0.001538397144913619,,
lV3ab_sub-03,backbone.blocks.11,vit_base_t=15_gs=112_94308951,0.11752174847516757,,1.2310417825064391e-15,0.013104773304092834,,
lIPS0_sub-03,backbone.blocks.11,vit_base_t=15_gs=112_94308951,0.10658878996137867,,1.2738073721444707e-13,0.012744431787391696,,
lSTS_sub-03,backbone.blocks.11,vit_base_t=15_gs=112_94308951,0.09105357904530165,,9.226809613375686e-15,0.010877035655807199,,
rIPS1-2-3_sub-03,backbone.blocks.11,vit_base_t=15_gs=112_94308951,0.06930881117604216,,4.45986025076552e-08,0.01179345876025424,,
lV1v_sub-04,backbone.blocks.11,vit_base_t=15_gs=112_94308951,0.11232386789740499,,2.29600404620087e-12,0.015011513134063542,,
l7AL_sub-04,backbone.blocks.11,vit_base_t=15_gs=112_94308951,0.04422931173573876,,0.00012140774216467647,0.011131576303223471,,
rIPS0_sub-04,backbone.blocks.11,vit_base_t=15_gs=112_94308951,0.21888701918189246,,2.9097310494262454e-30,0.01377166577422482,,
rRSC_sub-04,backbone.blocks.11,vit_base_t=15_gs=112_94308951,0.1288160977511115,,2.4416266045397987e-39,0.008822834620537078,,
lV2d_sub-04,backbone.blocks.11,vit_base_t=15_gs=112_94308951,0.3054483611876212,,9.715858787566224e-28,0.02248912082995519,,
lBA2_sub-04,backbone.blocks.11,vit_base_t=15_gs=112_94308951,0.006762257488511193,,0.29465020913620055,0.006439258738879557,,
rEBA_sub-04,backbone.blocks.11,vit_base_t=15_gs=112_94308951,0.379733914194695,,2.3237536656148744e-38,0.019423766072640174,,
lRSC_sub-04,backbone.blocks.11,vit_base_t=15_gs=112_94308951,0.0989879437492104,,1.72148909969489e-21,0.009432819547511611,,
rPFop_sub-04,backbone.blocks.11,vit_base_t=15_gs=112_94308951,0.016682322903863844,,0.09404623960728953,0.009865317229463067,,
rFFA_sub-04,backbone.blocks.11,vit_base_t=15_gs=112_94308951,0.3060968519667975,,8.687788512822781e-54,0.01516554182453593,,
lV1d_sub-04,backbone.blocks.11,vit_base_t=15_gs=112_94308951,0.14811554883433925,,2.5922553423979863e-18,0.015213322491225962,,
rV3v_sub-04,backbone.blocks.11,vit_base_t=15_gs=112_94308951,0.25046246854860577,,2.8716747722424e-23,0.020510256582942688,,
lPFt_sub-04,backbone.blocks.11,vit_base_t=15_gs=112_94308951,0.040661199764103984,,0.0005258596728857415,0.011412659192613486,,
lhV4_sub-04,backbone.blocks.11,vit_base_t=15_gs=112_94308951,0.27249509111722897,,1.1838048219823088e-15,0.026041058171075885,,
lPPA_sub-04,backbone.blocks.11,vit_base_t=15_gs=112_94308951,0.13390067848239717,,5.989604925047465e-16,0.014894700517720552,,
rV3d_sub-04,backbone.blocks.11,vit_base_t=15_gs=112_94308951,0.30905652979208054,,2.469908986965362e-25,0.02239269034316234,,
lPFop_sub-04,backbone.blocks.11,vit_base_t=15_gs=112_94308951,0.06378238589551337,,7.638102307860419e-07,0.012117616131659084,,
rV2v_sub-04,backbone.blocks.11,vit_base_t=15_gs=112_94308951,0.12558490704654565,,6.642410131872518e-13,0.016123147274870468,,
lIPS0_sub-04,backbone.blocks.11,vit_base_t=15_gs=112_94308951,0.18141160875188397,,4.963605569681331e-31,0.011503447833415486,,
lV3v_sub-04,backbone.blocks.11,vit_base_t=15_gs=112_94308951,0.08689907793397982,,1.556596688113918e-08,0.014266889945885588,,
lV2v_sub-04,backbone.blocks.11,vit_base_t=15_gs=112_94308951,0.03361416963332783,,0.0005711050644999599,0.009570958478374032,,
lV3d_sub-04,backbone.blocks.11,vit_base_t=15_gs=112_94308951,0.3305431319418141,,6.086110171774988e-38,0.017536839644963387,,
lSTS_sub-04,backbone.blocks.11,vit_base_t=15_gs=112_94308951,0.09314281638886139,,9.41949829229059e-17,0.01025271110451573,,
lTOS_sub-04,backbone.blocks.11,vit_base_t=15_gs=112_94308951,0.08289883028216581,,0.04948352522080726,0.037562994829806885,,
lEBA_sub-04,backbone.blocks.11,vit_base_t=15_gs=112_94308951,0.33349086460860866,,1.811623886328674e-58,0.014603811234881414,,
rPFt_sub-04,backbone.blocks.11,vit_base_t=15_gs=112_94308951,0.057791368426686286,,3.6841866954897323e-10,0.00845190537953658,,
rMT_sub-04,backbone.blocks.11,vit_base_t=15_gs=112_94308951,0.4586157615893287,,3.2095672033534036e-29,0.02086086356515566,,
BMDgeneral_sub-04,backbone.blocks.11,vit_base_t=15_gs=112_94308951,0.2239020901510252,,0.0,0.0017398565509883042,,
rV3ab_sub-04,backbone.blocks.11,vit_base_t=15_gs=112_94308951,0.2603835235135915,,1.6804312936623215e-53,0.01279744392956101,,
lOFA_sub-04,backbone.blocks.11,vit_base_t=15_gs=112_94308951,0.24355879636577704,,8.999417328220378e-07,0.03850024583790314,,
lMT_sub-04,backbone.blocks.11,vit_base_t=15_gs=112_94308951,0.2711538395084087,,1.4833592331775271e-12,0.026026390439182392,,
lFFA_sub-04,backbone.blocks.11,vit_base_t=15_gs=112_94308951,0.33573032650691936,,3.0402323439720283e-34,0.020001042159649908,,
rV1d_sub-04,backbone.blocks.11,vit_base_t=15_gs=112_94308951,0.23239509170143904,,4.462025174810728e-27,0.018010768556181972,,
rOFA_sub-04,backbone.blocks.11,vit_base_t=15_gs=112_94308951,0.3011176216945873,,6.232519225529321e-22,0.02331644512510366,,
lIPS1-2-3_sub-04,backbone.blocks.11,vit_base_t=15_gs=112_94308951,0.10339494124326687,,1.2042400449909387e-17,0.00998553627632936,,
r7AL_sub-04,backbone.blocks.11,vit_base_t=15_gs=112_94308951,0.06302647151316579,,3.133238239759755e-08,0.010620945315227259,,
rPPA_sub-04,backbone.blocks.11,vit_base_t=15_gs=112_94308951,0.22236062274622392,,2.6736852196048787e-22,0.01862063651394722,,
rhV4_sub-04,backbone.blocks.11,vit_base_t=15_gs=112_94308951,0.3767104308909012,,7.879864464390805e-35,0.018976102292857226,,
rSTS_sub-04,backbone.blocks.11,vit_base_t=15_gs=112_94308951,0.1988644579187169,,5.341000450207531e-72,0.009516753746307548,,
WB_sub-04,backbone.blocks.11,vit_base_t=15_gs=112_94308951,0.04572228313007104,,0.0,0.00044336637284160107,,
rV1v_sub-04,backbone.blocks.11,vit_base_t=15_gs=112_94308951,0.15338872580914775,,1.6134322137917305e-16,0.016731468262871654,,
rBA2_sub-04,backbone.blocks.11,vit_base_t=15_gs=112_94308951,0.009270936618793267,,0.15133186159998777,0.006442853132868887,,
lLOC_sub-04,backbone.blocks.11,vit_base_t=15_gs=112_94308951,0.22066601325865562,,3.7667291123304313e-159,0.006536421181552795,,
rV2d_sub-04,backbone.blocks.11,vit_base_t=15_gs=112_94308951,0.22619386189796817,,1.485392419230776e-27,0.01724695975818125,,
lV3ab_sub-04,backbone.blocks.11,vit_base_t=15_gs=112_94308951,0.3241414928129308,,1.997038635920877e-41,0.017100699057686623,,
rIPS1-2-3_sub-04,backbone.blocks.11,vit_base_t=15_gs=112_94308951,0.15548136091738787,,1.7132792486377451e-18,0.01470678945781458,,
rTOS_sub-04,backbone.blocks.11,vit_base_t=15_gs=112_94308951,0.30701428168515354,,3.2734198046912024e-10,0.03584159897936378,,
rLOC_sub-04,backbone.blocks.11,vit_base_t=15_gs=112_94308951,0.2939285473971058,,1.4823517019832284e-172,0.00793265871725899,,
rV1d_sub-05,backbone.blocks.11,vit_base_t=15_gs=112_94308951,0.31121946842997317,,1.952493584447748e-48,0.015071639912562995,,
rV1v_sub-05,backbone.blocks.11,vit_base_t=15_gs=112_94308951,0.2839230910936391,,2.8112899175662767e-37,0.01712364922511954,,
rhV4_sub-05,backbone.blocks.11,vit_base_t=15_gs=112_94308951,0.213602323973876,,5.814642759027548e-20,0.018162191792233724,,
rEBA_sub-05,backbone.blocks.11,vit_base_t=15_gs=112_94308951,0.2757120382812071,,1.0412661687242718e-33,0.01597354482170835,,
lEBA_sub-05,backbone.blocks.11,vit_base_t=15_gs=112_94308951,0.28738244575133015,,1.4663297284726093e-53,0.01360387532395048,,
WB_sub-05,backbone.blocks.11,vit_base_t=15_gs=112_94308951,0.03994814808343366,,0.0,0.00039655938197671235,,
lV3ab_sub-05,backbone.blocks.11,vit_base_t=15_gs=112_94308951,0.1816999616312294,,4.94406378846782e-25,0.01449049231683971,,
rFFA_sub-05,backbone.blocks.11,vit_base_t=15_gs=112_94308951,0.19178513026352845,,2.580431917411876e-35,0.013066104062861062,,
lIPS0_sub-05,backbone.blocks.11,vit_base_t=15_gs=112_94308951,0.18729160887865431,,6.264582253042518e-30,0.012256630016280384,,
rIPS0_sub-05,backbone.blocks.11,vit_base_t=15_gs=112_94308951,0.22248048811900115,,2.587731352695513e-26,0.01582768568913624,,
rSTS_sub-05,backbone.blocks.11,vit_base_t=15_gs=112_94308951,0.10979595384644107,,8.69119878307641e-43,0.0073373536453102345,,
lOFA_sub-05,backbone.blocks.11,vit_base_t=15_gs=112_94308951,0.15809329059631266,,4.6758478688592313e-05,0.032660545953891354,,
rBA2_sub-05,backbone.blocks.11,vit_base_t=15_gs=112_94308951,0.057141304422220096,,3.601521476394186e-15,0.006840288579603443,,
rLOC_sub-05,backbone.blocks.11,vit_base_t=15_gs=112_94308951,0.267508071621245,,7.051088654391668e-175,0.007141535785776891,,
rV3v_sub-05,backbone.blocks.11,vit_base_t=15_gs=112_94308951,0.1851040007310572,,2.367243172714678e-20,0.01677144607792006,,
lPFop_sub-05,backbone.blocks.11,vit_base_t=15_gs=112_94308951,0.054662336994804876,,3.7335680475567013e-06,0.01118550802123579,,
rMT_sub-05,backbone.blocks.11,vit_base_t=15_gs=112_94308951,0.24622467901707654,,3.4966187980170743e-19,0.018306817240962066,,
lV2d_sub-05,backbone.blocks.11,vit_base_t=15_gs=112_94308951,0.2231257278496874,,8.401744705026903e-27,0.016869821614322964,,
lV1v_sub-05,backbone.blocks.11,vit_base_t=15_gs=112_94308951,0.16311531437806992,,2.873415692844157e-19,0.016348625469037953,,
lPPA_sub-05,backbone.blocks.11,vit_base_t=15_gs=112_94308951,0.150440441757217,,2.491021289662849e-24,0.012480048829956856,,
rPFop_sub-05,backbone.blocks.11,vit_base_t=15_gs=112_94308951,0.05231468350009314,,2.1183030218609137e-05,0.011702182921919381,,
lRSC_sub-05,backbone.blocks.11,vit_base_t=15_gs=112_94308951,0.08609158701548017,,4.854040088291158e-22,0.008070639401419865,,
lLOC_sub-05,backbone.blocks.11,vit_base_t=15_gs=112_94308951,0.1716969917391197,,1.6071667445582692e-122,0.0061403148243605,,
lV2v_sub-05,backbone.blocks.11,vit_base_t=15_gs=112_94308951,0.09400547312406086,,4.832118778436806e-11,0.013363685200736776,,
rV3d_sub-05,backbone.blocks.11,vit_base_t=15_gs=112_94308951,0.22334556940409392,,1.6802209588294202e-32,0.012914003865069976,,
r7AL_sub-05,backbone.blocks.11,vit_base_t=15_gs=112_94308951,0.0576156032997439,,2.597845059979721e-06,0.011651899574143755,,
lSTS_sub-05,backbone.blocks.11,vit_base_t=15_gs=112_94308951,0.08149866874602277,,7.649127609130826e-13,0.010645059702086979,,
lV3d_sub-05,backbone.blocks.11,vit_base_t=15_gs=112_94308951,0.19223765045676436,,7.936195005036972e-21,0.016933358062057906,,
lhV4_sub-05,backbone.blocks.11,vit_base_t=15_gs=112_94308951,0.18339592042247127,,7.96765266627198e-12,0.022118549841201086,,
rPFt_sub-05,backbone.blocks.11,vit_base_t=15_gs=112_94308951,0.04810718571930173,,1.0030834119601711e-05,0.010425950698459056,,
l7AL_sub-05,backbone.blocks.11,vit_base_t=15_gs=112_94308951,0.06705378755835496,,6.996634206796235e-08,0.011665581118394197,,
rV2v_sub-05,backbone.blocks.11,vit_base_t=15_gs=112_94308951,0.15537204299105614,,8.5021121334092e-17,0.016747916122874552,,
lV3v_sub-05,backbone.blocks.11,vit_base_t=15_gs=112_94308951,0.06884698632344419,,6.202946976689332e-08,0.011882295367490097,,
rPPA_sub-05,backbone.blocks.11,vit_base_t=15_gs=112_94308951,0.19053563022455106,,9.494356872327148e-26,0.0142419290760433,,
lPFt_sub-05,backbone.blocks.11,vit_base_t=15_gs=112_94308951,0.05956643324208285,,4.00063934913112e-07,0.011108208314426245,,
rOFA_sub-05,backbone.blocks.11,vit_base_t=15_gs=112_94308951,0.14857462934113502,,1.6222150398078358e-12,0.01803518036309505,,
lTOS_sub-05,backbone.blocks.11,vit_base_t=15_gs=112_94308951,0.15888480183610423,,0.01084231732276684,0.05191469085799158,,
lIPS1-2-3_sub-05,backbone.blocks.11,vit_base_t=15_gs=112_94308951,0.1584870362564625,,7.80898999429177e-17,0.015865441231064602,,
lV1d_sub-05,backbone.blocks.11,vit_base_t=15_gs=112_94308951,0.2043641460302587,,4.0195417730514016e-26,0.01643692727627376,,
BMDgeneral_sub-05,backbone.blocks.11,vit_base_t=15_gs=112_94308951,0.17907588340630182,,0.0,0.00146350909624617,,
lFFA_sub-05,backbone.blocks.11,vit_base_t=15_gs=112_94308951,0.24053399531020436,,2.1166823555036758e-27,0.01731122492459168,,
rRSC_sub-05,backbone.blocks.11,vit_base_t=15_gs=112_94308951,0.10385593110101597,,2.923794622458218e-39,0.00712230765149709,,
rV2d_sub-05,backbone.blocks.11,vit_base_t=15_gs=112_94308951,0.21415071448017692,,2.1383063521809748e-33,0.014104320679933106,,
rTOS_sub-05,backbone.blocks.11,vit_base_t=15_gs=112_94308951,0.2561930841457509,,2.096178981036001e-11,0.026827195438711704,,
lMT_sub-05,backbone.blocks.11,vit_base_t=15_gs=112_94308951,0.19985327634144337,,2.52822464239397e-07,0.03176256943772024,,
lBA2_sub-05,backbone.blocks.11,vit_base_t=15_gs=112_94308951,0.07064765291518449,,7.020141555102394e-21,0.0068825471121406415,,
rV3ab_sub-05,backbone.blocks.11,vit_base_t=15_gs=112_94308951,0.17159313844743743,,5.748438158418096e-42,0.01021584588855803,,
rIPS1-2-3_sub-05,backbone.blocks.11,vit_base_t=15_gs=112_94308951,0.18271419907370579,,3.39495698326769e-20,0.01615345152943069,,
rRSC_sub-06,backbone.blocks.11,vit_base_t=15_gs=112_94308951,0.11367389404568677,,3.0653695071822747e-38,0.007927319004872022,,
rV3d_sub-06,backbone.blocks.11,vit_base_t=15_gs=112_94308951,0.30122419389149957,,1.5423203735455424e-29,0.01904988413963355,,
rPPA_sub-06,backbone.blocks.11,vit_base_t=15_gs=112_94308951,0.2197003952905236,,7.720072158212426e-22,0.018695833945499712,,
lMT_sub-06,backbone.blocks.11,vit_base_t=15_gs=112_94308951,0.2977199011754889,,1.8565639986576953e-13,0.026554496587334744,,
lV3d_sub-06,backbone.blocks.11,vit_base_t=15_gs=112_94308951,0.19848194318256618,,1.5274275956284767e-21,0.01703845729215106,,
lIPS0_sub-06,backbone.blocks.11,vit_base_t=15_gs=112_94308951,0.157168926284973,,9.323075181628209e-27,0.011308747248003547,,
lPPA_sub-06,backbone.blocks.11,vit_base_t=15_gs=112_94308951,0.14668484825100483,,5.4202656636764485e-22,0.013081101575202495,,
rIPS1-2-3_sub-06,backbone.blocks.11,vit_base_t=15_gs=112_94308951,0.15132358462748746,,3.523183189770158e-18,0.01449958708426104,,
lV3ab_sub-06,backbone.blocks.11,vit_base_t=15_gs=112_94308951,0.19094897396806,,5.138298391139701e-31,0.012893259325057862,,
r7AL_sub-06,backbone.blocks.11,vit_base_t=15_gs=112_94308951,0.1849794631242991,,4.105616840093192e-23,0.014857730140338447,,
lTOS_sub-06,backbone.blocks.11,vit_base_t=15_gs=112_94308951,0.07973963480443523,,0.015289354954295587,0.027800810983564156,,
lOFA_sub-06,backbone.blocks.11,vit_base_t=15_gs=112_94308951,0.156070943405377,,4.979393684573797e-06,0.027493178103517722,,
lPFt_sub-06,backbone.blocks.11,vit_base_t=15_gs=112_94308951,0.09030441479943341,,1.5989400316055773e-12,0.011459525840758275,,
rPFt_sub-06,backbone.blocks.11,vit_base_t=15_gs=112_94308951,0.06369094068119403,,4.1612361528536623e-07,0.011885454514615076,,
lLOC_sub-06,backbone.blocks.11,vit_base_t=15_gs=112_94308951,0.21835705322481877,,3.10868621140068e-140,0.007099176631933516,,
lIPS1-2-3_sub-06,backbone.blocks.11,vit_base_t=15_gs=112_94308951,0.13005283863059292,,5.537283925686617e-12,0.01669518468723487,,
lV1d_sub-06,backbone.blocks.11,vit_base_t=15_gs=112_94308951,0.24535201321808178,,1.8010804333558132e-29,0.018083284920359335,,
rIPS0_sub-06,backbone.blocks.11,vit_base_t=15_gs=112_94308951,0.25961287497203667,,3.3715998847996034e-33,0.014992036379421939,,
lFFA_sub-06,backbone.blocks.11,vit_base_t=15_gs=112_94308951,0.17862859542419482,,9.510947828227879e-21,0.015954377106663916,,
rV3v_sub-06,backbone.blocks.11,vit_base_t=15_gs=112_94308951,0.22609774289783469,,7.411924126868407e-25,0.01758868113793904,,
rTOS_sub-06,backbone.blocks.11,vit_base_t=15_gs=112_94308951,0.23722876985525984,,1.3660225966976406e-08,0.03253490395446931,,
rSTS_sub-06,backbone.blocks.11,vit_base_t=15_gs=112_94308951,0.11294761524721497,,4.321466962509799e-54,0.0065192748048432,,
lV2v_sub-06,backbone.blocks.11,vit_base_t=15_gs=112_94308951,0.25281058951320134,,2.3913816856989116e-28,0.018851281288929884,,
rV1d_sub-06,backbone.blocks.11,vit_base_t=15_gs=112_94308951,0.2820777816699732,,1.8042855203110322e-30,0.020020994092448948,,
lV2d_sub-06,backbone.blocks.11,vit_base_t=15_gs=112_94308951,0.2168897811665968,,4.6627779310894446e-21,0.019617336043945464,,
rPFop_sub-06,backbone.blocks.11,vit_base_t=15_gs=112_94308951,0.03535638125138791,,8.90679581866418e-05,0.008644289630878748,,
rFFA_sub-06,backbone.blocks.11,vit_base_t=15_gs=112_94308951,0.21914781516859466,,8.034637676638872e-43,0.012972285286305531,,
lPFop_sub-06,backbone.blocks.11,vit_base_t=15_gs=112_94308951,0.036703037504119886,,0.0013892021119214788,0.011171999723461879,,
rMT_sub-06,backbone.blocks.11,vit_base_t=15_gs=112_94308951,0.36882866075531184,,1.4085608907983549e-28,0.01727908795058499,,
lhV4_sub-06,backbone.blocks.11,vit_base_t=15_gs=112_94308951,0.3370178866472167,,8.864533734111161e-20,0.026035232936688527,,
rV1v_sub-06,backbone.blocks.11,vit_base_t=15_gs=112_94308951,0.19635070767422588,,1.134064580086692e-20,0.01838564819471284,,
rhV4_sub-06,backbone.blocks.11,vit_base_t=15_gs=112_94308951,0.315543299426175,,7.238535763186553e-32,0.01745720483164677,,
rEBA_sub-06,backbone.blocks.11,vit_base_t=15_gs=112_94308951,0.2655376109667378,,5.896815755974387e-30,0.017122561068278305,,
rV3ab_sub-06,backbone.blocks.11,vit_base_t=15_gs=112_94308951,0.23995313589699568,,8.475631444538696e-56,0.011387042995238975,,
rLOC_sub-06,backbone.blocks.11,vit_base_t=15_gs=112_94308951,0.30158036653501374,,4.2293790691401846e-191,0.00747859071721608,,
lRSC_sub-06,backbone.blocks.11,vit_base_t=15_gs=112_94308951,0.03628585146046911,,9.295888390103833e-07,0.007206141039258039,,
BMDgeneral_sub-06,backbone.blocks.11,vit_base_t=15_gs=112_94308951,0.20774925606281633,,0.0,0.0016233082544722234,,
rV2d_sub-06,backbone.blocks.11,vit_base_t=15_gs=112_94308951,0.2692285789072371,,5.921982429557113e-34,0.017502122780522385,,
WB_sub-06,backbone.blocks.11,vit_base_t=15_gs=112_94308951,0.038487035462812375,,0.0,0.00042285549691406624,,
lV1v_sub-06,backbone.blocks.11,vit_base_t=15_gs=112_94308951,0.3035768268762252,,1.9403505415598855e-34,0.020276853028141247,,
rBA2_sub-06,backbone.blocks.11,vit_base_t=15_gs=112_94308951,0.028626956790154603,,0.0001277413676044984,0.0073638016888249525,,
lEBA_sub-06,backbone.blocks.11,vit_base_t=15_gs=112_94308951,0.28320548836810383,,1.533474424830952e-48,0.014578093072429727,,
rOFA_sub-06,backbone.blocks.11,vit_base_t=15_gs=112_94308951,0.3842091370409449,,2.7836375507641904e-31,0.021200158472192688,,
lV3v_sub-06,backbone.blocks.11,vit_base_t=15_gs=112_94308951,0.2129112065533452,,2.5617537365572004e-18,0.020388348339185163,,
l7AL_sub-06,backbone.blocks.11,vit_base_t=15_gs=112_94308951,0.11739744751085944,,6.615719779298003e-19,0.011085649555677502,,
rV2v_sub-06,backbone.blocks.11,vit_base_t=15_gs=112_94308951,0.17960307216359392,,4.1237683901933053e-19,0.017737446090408976,,
lSTS_sub-06,backbone.blocks.11,vit_base_t=15_gs=112_94308951,0.0532750021645104,,1.1263961393657388e-07,0.009683695810447325,,
lBA2_sub-06,backbone.blocks.11,vit_base_t=15_gs=112_94308951,0.07393416154790505,,2.9689103169579498e-18,0.007846628689540253,,
lOFA_sub-07,backbone.blocks.11,vit_base_t=15_gs=112_94308951,0.05349522579897679,,0.028449986529093103,0.023107503798020672,,
lV1d_sub-07,backbone.blocks.11,vit_base_t=15_gs=112_94308951,0.16316908555785786,,5.946871013181152e-22,0.01482252027447173,,
lV3ab_sub-07,backbone.blocks.11,vit_base_t=15_gs=112_94308951,0.15981819537355446,,3.300615466547099e-29,0.011319714049393028,,
rPPA_sub-07,backbone.blocks.11,vit_base_t=15_gs=112_94308951,0.10148222465924446,,5.45868493277552e-12,0.013293961561722249,,
lIPS0_sub-07,backbone.blocks.11,vit_base_t=15_gs=112_94308951,0.09363574002351781,,1.0731287630843974e-11,0.012444592442548258,,
rSTS_sub-07,backbone.blocks.11,vit_base_t=15_gs=112_94308951,0.06730938288299919,,1.6530029181868116e-22,0.006599248506997898,,
rOFA_sub-07,backbone.blocks.11,vit_base_t=15_gs=112_94308951,0.10120638750859999,,1.5579732556145285e-08,0.01622536355349929,,
rPFop_sub-07,backbone.blocks.11,vit_base_t=15_gs=112_94308951,0.01676074839241964,,0.19421527204643418,0.012821296798397282,,
rV2d_sub-07,backbone.blocks.11,vit_base_t=15_gs=112_94308951,0.2095912639974176,,3.4012335540173265e-28,0.015710824527538223,,
rFFA_sub-07,backbone.blocks.11,vit_base_t=15_gs=112_94308951,0.18020882547790543,,2.200570643834166e-29,0.01395074728508206,,
lV1v_sub-07,backbone.blocks.11,vit_base_t=15_gs=112_94308951,0.07396226116835138,,4.4598855649067267e-11,0.010606086241764217,,
rTOS_sub-07,backbone.blocks.11,vit_base_t=15_gs=112_94308951,0.2610425304545171,,1.1012137198658297e-10,0.02916463681279139,,
lPFt_sub-07,backbone.blocks.11,vit_base_t=15_gs=112_94308951,0.0818107554504494,,6.592586638378712e-16,0.008774678924014847,,
r7AL_sub-07,backbone.blocks.11,vit_base_t=15_gs=112_94308951,0.03789564213998114,,1.0120911409108602e-05,0.008207327087419858,,
lV2d_sub-07,backbone.blocks.11,vit_base_t=15_gs=112_94308951,0.2040507196192444,,4.374703608782228e-19,0.019797146444492136,,
lFFA_sub-07,backbone.blocks.11,vit_base_t=15_gs=112_94308951,0.2281902287283461,,1.3873777414449355e-25,0.017351810141573252,,
l7AL_sub-07,backbone.blocks.11,vit_base_t=15_gs=112_94308951,0.06016226639305668,,6.881024730940055e-07,0.011475333826130698,,
rIPS1-2-3_sub-07,backbone.blocks.11,vit_base_t=15_gs=112_94308951,0.07060324674472514,,2.8990547364793045e-09,0.01093298339987754,,
lhV4_sub-07,backbone.blocks.11,vit_base_t=15_gs=112_94308951,0.16242801408602295,,2.916081833950526e-13,0.017853509671953385,,
lRSC_sub-07,backbone.blocks.11,vit_base_t=15_gs=112_94308951,0.04147499242688241,,3.928245225471466e-09,0.006787892044195067,,
lV3d_sub-07,backbone.blocks.11,vit_base_t=15_gs=112_94308951,0.253271530678114,,2.3046457033679765e-23,0.020414880906930753,,
lPPA_sub-07,backbone.blocks.11,vit_base_t=15_gs=112_94308951,0.08667458272798625,,4.695467894628085e-15,0.010021192066684123,,
rV3ab_sub-07,backbone.blocks.11,vit_base_t=15_gs=112_94308951,0.16179525000682643,,7.057373901553295e-41,0.009825200169335274,,
rMT_sub-07,backbone.blocks.11,vit_base_t=15_gs=112_94308951,0.27916959129259755,,4.514663823695032e-14,0.027907170054497825,,
rV1d_sub-07,backbone.blocks.11,vit_base_t=15_gs=112_94308951,0.20087420787535584,,6.956687044313292e-26,0.016087261912102815,,
rRSC_sub-07,backbone.blocks.11,vit_base_t=15_gs=112_94308951,0.043875468478629435,,1.5329440865707947e-13,0.005746366966476177,,
rV1v_sub-07,backbone.blocks.11,vit_base_t=15_gs=112_94308951,0.17088691737246647,,5.307258876750404e-23,0.014848226414195663,,
lBA2_sub-07,backbone.blocks.11,vit_base_t=15_gs=112_94308951,0.024476816668278344,,0.0020214284940895293,0.007846075413411096,,
lTOS_sub-07,backbone.blocks.11,vit_base_t=15_gs=112_94308951,0.05494746886030331,,0.21301922909934254,0.04156578507267029,,
lV3v_sub-07,backbone.blocks.11,vit_base_t=15_gs=112_94308951,0.07290907239769735,,6.57892768146999e-10,0.010805729585602034,,
lSTS_sub-07,backbone.blocks.11,vit_base_t=15_gs=112_94308951,0.02905686131486682,,0.00466441198563347,0.010156037580947285,,
rV2v_sub-07,backbone.blocks.11,vit_base_t=15_gs=112_94308951,0.1403167270115748,,5.178834826849943e-19,0.013906871695312958,,
lEBA_sub-07,backbone.blocks.11,vit_base_t=15_gs=112_94308951,0.2124519930644936,,7.075690027778542e-40,0.012805980587772683,,
lLOC_sub-07,backbone.blocks.11,vit_base_t=15_gs=112_94308951,0.1589183076436274,,6.399902065531844e-131,0.005426093925869489,,
WB_sub-07,backbone.blocks.11,vit_base_t=15_gs=112_94308951,0.024778018593079702,,0.0,0.0003718915442928035,,
lIPS1-2-3_sub-07,backbone.blocks.11,vit_base_t=15_gs=112_94308951,0.10631453666023773,,6.574005155158732e-15,0.011653341503909584,,
rPFt_sub-07,backbone.blocks.11,vit_base_t=15_gs=112_94308951,0.03424882356821317,,0.0001778166997698918,0.008848515944241159,,
rEBA_sub-07,backbone.blocks.11,vit_base_t=15_gs=112_94308951,0.25736918496043154,,2.071356286892516e-24,0.019738880469596418,,
rBA2_sub-07,backbone.blocks.11,vit_base_t=15_gs=112_94308951,-0.011658960174394495,,0.032400202128117526,0.005421195850892017,,
rIPS0_sub-07,backbone.blocks.11,vit_base_t=15_gs=112_94308951,0.16498241262043617,,1.5177289827087587e-21,0.013834688638932358,,
lPFop_sub-07,backbone.blocks.11,vit_base_t=15_gs=112_94308951,0.03501157764888996,,0.002116365417497999,0.011106400259149862,,
rV3d_sub-07,backbone.blocks.11,vit_base_t=15_gs=112_94308951,0.16320917357521494,,6.241826447178756e-22,0.013337579151995228,,
rV3v_sub-07,backbone.blocks.11,vit_base_t=15_gs=112_94308951,0.1347323421917435,,7.42969484209789e-18,0.013432878483321703,,
rLOC_sub-07,backbone.blocks.11,vit_base_t=15_gs=112_94308951,0.20109302564323692,,5.942154800525697e-135,0.006562543535987618,,
lMT_sub-07,backbone.blocks.11,vit_base_t=15_gs=112_94308951,0.12723588792272925,,2.3022211350340767e-05,0.026282259527500407,,
lV2v_sub-07,backbone.blocks.11,vit_base_t=15_gs=112_94308951,0.09092574382832605,,1.6138704155904992e-13,0.011322001360191996,,
rhV4_sub-07,backbone.blocks.11,vit_base_t=15_gs=112_94308951,0.18925941857330544,,2.1341960248141612e-19,0.01647906728730893,,
BMDgeneral_sub-07,backbone.blocks.11,vit_base_t=15_gs=112_94308951,0.13309320850797673,,0.0,0.0013950679712004903,,
WB_sub-08,backbone.blocks.11,vit_base_t=15_gs=112_94308951,0.033348708913068376,,0.0,0.0004032505414859941,,
lBA2_sub-08,backbone.blocks.11,vit_base_t=15_gs=112_94308951,0.10725596737217291,,6.971409645131853e-28,0.008649677403849679,,
rhV4_sub-08,backbone.blocks.11,vit_base_t=15_gs=112_94308951,0.2040586549659951,,5.599091714819206e-20,0.017338861090585713,,
rEBA_sub-08,backbone.blocks.11,vit_base_t=15_gs=112_94308951,0.2879273317955271,,1.7338171452830954e-31,0.01775784701355056,,
rPPA_sub-08,backbone.blocks.11,vit_base_t=15_gs=112_94308951,0.11044205522957438,,1.5228057933370542e-13,0.013298506879753515,,
rV1v_sub-08,backbone.blocks.11,vit_base_t=15_gs=112_94308951,0.13088844869669713,,2.2070021209400857e-15,0.014972302462679585,,
lMT_sub-08,backbone.blocks.11,vit_base_t=15_gs=112_94308951,0.15230491266020166,,8.297051812110194e-07,0.025768038277160607,,
r7AL_sub-08,backbone.blocks.11,vit_base_t=15_gs=112_94308951,0.0975110621051345,,2.212453801125795e-15,0.010646216519143022,,
lV1v_sub-08,backbone.blocks.11,vit_base_t=15_gs=112_94308951,0.24985524480322482,,9.133358215889297e-33,0.017317984175136625,,
BMDgeneral_sub-08,backbone.blocks.11,vit_base_t=15_gs=112_94308951,0.1777280676067656,,0.0,0.0015193873920983213,,
rPFop_sub-08,backbone.blocks.11,vit_base_t=15_gs=112_94308951,0.09260795098239721,,6.127895342584295e-12,0.011826006416502697,,
rV2d_sub-08,backbone.blocks.11,vit_base_t=15_gs=112_94308951,0.25880257866148315,,1.0550506423961677e-34,0.01653574593009764,,
lLOC_sub-08,backbone.blocks.11,vit_base_t=15_gs=112_94308951,0.16904452914016868,,1.7920261052291155e-101,0.006865499137245785,,
lRSC_sub-08,backbone.blocks.11,vit_base_t=15_gs=112_94308951,0.08095446875614735,,1.6170378374385637e-22,0.007484063823145342,,
lIPS0_sub-08,backbone.blocks.11,vit_base_t=15_gs=112_94308951,0.14351143401607017,,7.217903692029842e-21,0.012579284800835071,,
lhV4_sub-08,backbone.blocks.11,vit_base_t=15_gs=112_94308951,0.20536144258125394,,1.1619992192808086e-15,0.019616634510951976,,
lEBA_sub-08,backbone.blocks.11,vit_base_t=15_gs=112_94308951,0.10114762748404563,,1.5349992735953061e-16,0.01124591120951235,,
lFFA_sub-08,backbone.blocks.11,vit_base_t=15_gs=112_94308951,0.1676610532515688,,1.6230290452849064e-18,0.016282400959249085,,
lIPS1-2-3_sub-08,backbone.blocks.11,vit_base_t=15_gs=112_94308951,0.1637423213320812,,4.640232713713511e-24,0.012325993968345442,,
rIPS1-2-3_sub-08,backbone.blocks.11,vit_base_t=15_gs=112_94308951,0.12990669245106382,,6.853147700217158e-14,0.01516098952378913,,
rBA2_sub-08,backbone.blocks.11,vit_base_t=15_gs=112_94308951,0.04513239001189121,,2.477241644825692e-09,0.007311982560617559,,
rTOS_sub-08,backbone.blocks.11,vit_base_t=15_gs=112_94308951,0.12324538607795597,,7.767935032976854e-06,0.023631111581877563,,
lPFop_sub-08,backbone.blocks.11,vit_base_t=15_gs=112_94308951,0.135294564970255,,2.156546860150595e-18,0.012681223485568584,,
lV2d_sub-08,backbone.blocks.11,vit_base_t=15_gs=112_94308951,0.1962026369880859,,5.479784321222633e-23,0.01664843339212865,,
rV3d_sub-08,backbone.blocks.11,vit_base_t=15_gs=112_94308951,0.25262118833836905,,2.643946682221947e-27,0.017148033191318197,,
lV3ab_sub-08,backbone.blocks.11,vit_base_t=15_gs=112_94308951,0.1316073908816492,,7.489499077844252e-24,0.010880934532518002,,
lPPA_sub-08,backbone.blocks.11,vit_base_t=15_gs=112_94308951,0.1192895774922975,,2.9090904952298975e-19,0.011670160172615645,,
lTOS_sub-08,backbone.blocks.11,vit_base_t=15_gs=112_94308951,0.1307394917050151,,0.0002493678670885796,0.024631080234935,,
lOFA_sub-08,backbone.blocks.11,vit_base_t=15_gs=112_94308951,0.12406269365105861,,0.00012144051249072541,0.027660986254957543,,
rFFA_sub-08,backbone.blocks.11,vit_base_t=15_gs=112_94308951,0.2506492014213583,,1.9460087097089376e-43,0.014678514719947511,,
lPFt_sub-08,backbone.blocks.11,vit_base_t=15_gs=112_94308951,0.09542625302315146,,2.059852524058938e-12,0.012183607781657139,,
lV2v_sub-08,backbone.blocks.11,vit_base_t=15_gs=112_94308951,0.1707708010046902,,4.201462264461702e-23,0.014777757897502606,,
rIPS0_sub-08,backbone.blocks.11,vit_base_t=15_gs=112_94308951,0.17022370551371505,,4.184296757674988e-21,0.014509569784757932,,
rSTS_sub-08,backbone.blocks.11,vit_base_t=15_gs=112_94308951,0.1332128954534071,,3.0644231265317928e-52,0.007860825116013399,,
lSTS_sub-08,backbone.blocks.11,vit_base_t=15_gs=112_94308951,0.1912205144836318,,3.7329052660154773e-25,0.016052314009387992,,
rV3ab_sub-08,backbone.blocks.11,vit_base_t=15_gs=112_94308951,0.17105482679956818,,1.2105445318974248e-41,0.010243492217565871,,
rRSC_sub-08,backbone.blocks.11,vit_base_t=15_gs=112_94308951,0.08077641584867426,,9.496144740325033e-28,0.006875845722859419,,
rOFA_sub-08,backbone.blocks.11,vit_base_t=15_gs=112_94308951,0.24693214327909574,,4.889294551680399e-18,0.02256114286968227,,
rV3v_sub-08,backbone.blocks.11,vit_base_t=15_gs=112_94308951,0.21475500250132212,,1.083647234961423e-27,0.015323785738603279,,
lV1d_sub-08,backbone.blocks.11,vit_base_t=15_gs=112_94308951,0.2946147491214896,,1.065257184086124e-32,0.020092844830824227,,
lV3d_sub-08,backbone.blocks.11,vit_base_t=15_gs=112_94308951,0.21961138721882836,,1.345470259374408e-25,0.016458730759965873,,
l7AL_sub-08,backbone.blocks.11,vit_base_t=15_gs=112_94308951,0.10752309910671755,,2.3846541614958926e-17,0.010817192961308494,,
rV1d_sub-08,backbone.blocks.11,vit_base_t=15_gs=112_94308951,0.2860063936251527,,1.7038753767506404e-32,0.019324553255015735,,
lV3v_sub-08,backbone.blocks.11,vit_base_t=15_gs=112_94308951,0.11559930794915385,,1.8712735206351686e-13,0.013850633650549176,,
rPFt_sub-08,backbone.blocks.11,vit_base_t=15_gs=112_94308951,0.10574110284289133,,2.4911559271674976e-14,0.012186723252216565,,
rLOC_sub-08,backbone.blocks.11,vit_base_t=15_gs=112_94308951,0.2554036750497788,,3.9275527047381913e-162,0.007245450600724906,,
rV2v_sub-08,backbone.blocks.11,vit_base_t=15_gs=112_94308951,0.19406744866256043,,2.1668921032726403e-27,0.014845468046501019,,
rMT_sub-08,backbone.blocks.11,vit_base_t=15_gs=112_94308951,0.2771632992780664,,2.4103032230074147e-21,0.018406183861277355,,
lOFA_sub-10,backbone.blocks.11,vit_base_t=15_gs=112_94308951,0.08347668768495577,,0.0004803266750623099,0.021032007232031837,,
lSTS_sub-10,backbone.blocks.11,vit_base_t=15_gs=112_94308951,0.04870785944926041,,1.487610223935844e-08,0.008252869665930524,,
rRSC_sub-10,backbone.blocks.11,vit_base_t=15_gs=112_94308951,0.09119558660542713,,1.149950942524363e-30,0.007300913606513234,,
lPFop_sub-10,backbone.blocks.11,vit_base_t=15_gs=112_94308951,0.06883915099189317,,2.2572016974522398e-08,0.011368771791836771,,
lEBA_sub-10,backbone.blocks.11,vit_base_t=15_gs=112_94308951,0.19448375198141019,,3.5320796824388723e-31,0.014082861806690406,,
lBA2_sub-10,backbone.blocks.11,vit_base_t=15_gs=112_94308951,0.11206829555756037,,3.895444610455401e-26,0.009434788964629208,,
lTOS_sub-10,backbone.blocks.11,vit_base_t=15_gs=112_94308951,0.016747967495465355,,0.39580035538727265,0.018953695481613443,,
rV3d_sub-10,backbone.blocks.11,vit_base_t=15_gs=112_94308951,0.324399041273823,,3.813787871898279e-35,0.017373645204399917,,
rLOC_sub-10,backbone.blocks.11,vit_base_t=15_gs=112_94308951,0.28958439506663813,,6.887481924108286e-216,0.006455509529478965,,
rPFt_sub-10,backbone.blocks.11,vit_base_t=15_gs=112_94308951,0.053167593312884474,,1.2945105683494012e-05,0.011681548300816628,,
lV3v_sub-10,backbone.blocks.11,vit_base_t=15_gs=112_94308951,0.1618641444747016,,3.8134673670585927e-16,0.017016549695689928,,
lFFA_sub-10,backbone.blocks.11,vit_base_t=15_gs=112_94308951,0.23040090828473914,,1.366232659520791e-26,0.016988574796556917,,
l7AL_sub-10,backbone.blocks.11,vit_base_t=15_gs=112_94308951,0.08965926544566924,,3.7384598723015557e-13,0.010985040559342029,,
BMDgeneral_sub-10,backbone.blocks.11,vit_base_t=15_gs=112_94308951,0.20461903331952078,,0.0,0.0015375250885092176,,
rV3v_sub-10,backbone.blocks.11,vit_base_t=15_gs=112_94308951,0.2426471619478211,,1.5459381478444334e-23,0.019695004921502807,,
rV3ab_sub-10,backbone.blocks.11,vit_base_t=15_gs=112_94308951,0.2701146108551774,,1.33342067437489e-60,0.011942954751725436,,
lV3d_sub-10,backbone.blocks.11,vit_base_t=15_gs=112_94308951,0.23188459113828788,,2.4743787298467625e-28,0.015982386996284105,,
rPFop_sub-10,backbone.blocks.11,vit_base_t=15_gs=112_94308951,0.12884468506607383,,8.039861301721881e-13,0.015625529329457,,
lV1v_sub-10,backbone.blocks.11,vit_base_t=15_gs=112_94308951,0.26337618102610155,,1.4052003973943445e-35,0.017165687043811984,,
lLOC_sub-10,backbone.blocks.11,vit_base_t=15_gs=112_94308951,0.17839603040938612,,5.1654249114627094e-138,0.005866880492444429,,
lV1d_sub-10,backbone.blocks.11,vit_base_t=15_gs=112_94308951,0.23699229649009218,,1.2131651516916706e-33,0.015816580926890932,,
lV2v_sub-10,backbone.blocks.11,vit_base_t=15_gs=112_94308951,0.22434947897123259,,4.896341253768092e-28,0.016867408472617106,,
lIPS1-2-3_sub-10,backbone.blocks.11,vit_base_t=15_gs=112_94308951,0.21628260384673892,,3.9430686068242053e-28,0.014200605720915783,,
rFFA_sub-10,backbone.blocks.11,vit_base_t=15_gs=112_94308951,0.18170363678395518,,1.852878543996936e-34,0.012596245577051128,,
rhV4_sub-10,backbone.blocks.11,vit_base_t=15_gs=112_94308951,0.25752233100474853,,1.228741687267969e-22,0.01967377450884879,,
rV2v_sub-10,backbone.blocks.11,vit_base_t=15_gs=112_94308951,0.20915154033833055,,4.12402043709038e-26,0.016572309209611436,,
r7AL_sub-10,backbone.blocks.11,vit_base_t=15_gs=112_94308951,0.11612904170556285,,9.054402460377823e-15,0.013053263673706272,,
rOFA_sub-10,backbone.blocks.11,vit_base_t=15_gs=112_94308951,0.09003830350074718,,5.347129046154813e-07,0.01662528852827229,,
rPPA_sub-10,backbone.blocks.11,vit_base_t=15_gs=112_94308951,0.2125296044009191,,6.594790301714382e-24,0.016856070174399936,,
lPFt_sub-10,backbone.blocks.11,vit_base_t=15_gs=112_94308951,0.12540203804291702,,2.5809605137631997e-16,0.013208222743563185,,
rBA2_sub-10,backbone.blocks.11,vit_base_t=15_gs=112_94308951,0.13711351098530095,,3.549904526994872e-39,0.00883741481787021,,
rV1v_sub-10,backbone.blocks.11,vit_base_t=15_gs=112_94308951,0.2024237506398718,,1.2660478199768456e-21,0.018369418868333008,,
lPPA_sub-10,backbone.blocks.11,vit_base_t=15_gs=112_94308951,0.16412212940228088,,8.993796289111019e-24,0.013844960164752833,,
rMT_sub-10,backbone.blocks.11,vit_base_t=15_gs=112_94308951,0.24845500255133243,,9.744473861049003e-18,0.019988827408681714,,
rIPS1-2-3_sub-10,backbone.blocks.11,vit_base_t=15_gs=112_94308951,0.16601082527256875,,2.5982591941433792e-17,0.016501412684570376,,
rIPS0_sub-10,backbone.blocks.11,vit_base_t=15_gs=112_94308951,0.23596034123997978,,3.187379221264123e-29,0.015319644835067599,,
lMT_sub-10,backbone.blocks.11,vit_base_t=15_gs=112_94308951,0.22550440107608632,,1.0260867926089455e-11,0.02323161925650563,,
lRSC_sub-10,backbone.blocks.11,vit_base_t=15_gs=112_94308951,0.09546563494636356,,2.625220389354793e-24,0.008394714755615602,,
lIPS0_sub-10,backbone.blocks.11,vit_base_t=15_gs=112_94308951,0.18658661701214185,,1.1233915615960208e-23,0.014824567089570891,,
rSTS_sub-10,backbone.blocks.11,vit_base_t=15_gs=112_94308951,0.13761446607583216,,2.5631621679727737e-65,0.007028653216953457,,
rV1d_sub-10,backbone.blocks.11,vit_base_t=15_gs=112_94308951,0.32079256680548623,,3.7097571532456725e-39,0.018674623334894943,,
lV2d_sub-10,backbone.blocks.11,vit_base_t=15_gs=112_94308951,0.22431074236581158,,8.310992536832134e-26,0.01745684807094226,,
lV3ab_sub-10,backbone.blocks.11,vit_base_t=15_gs=112_94308951,0.23878931811207665,,6.484745311812621e-37,0.013949430144406357,,
rEBA_sub-10,backbone.blocks.11,vit_base_t=15_gs=112_94308951,0.3105709490134066,,3.964118847982236e-35,0.01730747026467721,,
rV2d_sub-10,backbone.blocks.11,vit_base_t=15_gs=112_94308951,0.3501356075575411,,8.862152282505775e-56,0.01473005755217994,,
WB_sub-10,backbone.blocks.11,vit_base_t=15_gs=112_94308951,0.04260606030171585,,0.0,0.0004216327548404693,,
rTOS_sub-10,backbone.blocks.11,vit_base_t=15_gs=112_94308951,0.13651724652144503,,6.548283835519173e-07,0.022679775714627298,,
lhV4_sub-10,backbone.blocks.11,vit_base_t=15_gs=112_94308951,0.2958048548042231,,9.032703930377134e-20,0.022860473655206798,,
