	Variable	Description	Values	Significance	Color
0	R1	no cv, no ts Influence	"[[3.27449154e-02 1.88994789e-04 9.61256325e-03 ... 2.00987427e-02
  2.82867068e-02 3.03388214e-02]
 [9.52779835e-03 1.32312643e-02 6.18777450e-04 ... 3.95499867e-02
  2.71423949e-02 3.61130273e-02]
 [4.44543388e-03 1.87077139e-02 1.02230387e-02 ... 7.11094302e-03
  3.25665057e-03 1.38063780e-02]
 ...
 [2.53101645e-02 5.67731718e-03 6.39778852e-03 ... 1.33452850e-03
  2.56586378e-04 5.68949784e-03]
 [5.38552573e-03 2.79387416e-02 1.12472557e-02 ... 1.73100833e-02
  9.23574460e-03 1.66468746e-03]
 [4.60865655e-03 2.12552171e-02 1.07201549e-02 ... 6.12620193e-04
  8.98240266e-03 2.87339862e-05]]"	"[6.05718603e-04 6.11902028e-03 2.64770031e-04 1.26731370e-03
 1.14580912e-03 9.73255337e-04 1.22832274e-03 2.32867965e-04
 2.42859773e-02 2.01519545e-03 2.80751109e-04 2.42818821e-03
 1.56901015e-03 5.25740363e-03 8.79723136e-04 3.53128543e-03
 3.88207421e-03 1.24846852e-02 8.79723136e-04 2.93467687e-05
 3.29845141e-04 1.61892455e-02 2.42907160e-03 1.20117646e-03
 1.63985346e-03 9.73255337e-04 1.20876900e-04 2.32867965e-04
 2.80751109e-04 2.40811080e-05 7.11054897e-06 4.94374841e-07
 4.94374841e-07 9.27860413e-07 1.76375561e-05 4.77291396e-05
 1.12455766e-05 1.29978272e-05 1.76375561e-05 1.76375561e-05
 2.31353147e-05 1.20876900e-04 2.32867965e-04 2.56539980e-04
 1.91454561e-04 1.28639480e-04 1.91454561e-04 8.79723136e-04
 2.21339551e-03 2.85384643e-03 3.30782169e-03 1.14580912e-03
 2.31353147e-05 1.91454561e-04 2.12944940e-05 2.80751109e-04
 1.56901015e-03 4.99475740e-03 7.17028750e-03 1.97927115e-03
 1.00375359e-03 2.25475855e-02 1.85106860e-03 8.13363770e-03
 1.63985346e-03 1.87981859e-03 1.07116480e-02 3.88207421e-03
 2.89088722e-03 1.41997007e-03 7.17028750e-03 1.87981859e-03
 1.26731370e-03 1.69984247e-03 1.67718504e-03 5.12859884e-03
 3.06805039e-03 4.34484660e-03 4.04771006e-04 1.20211754e-03
 1.26731370e-03 1.29890262e-03 1.00375359e-03 4.47704159e-03
 1.03215883e-02 1.68304221e-03 2.32867965e-04 2.90344045e-04
 2.80751109e-04 3.48117539e-04 4.34484660e-03 2.56505413e-03
 2.27365048e-03 2.89088722e-03 2.18856976e-03 4.00463543e-03
 5.53065196e-03 1.17748707e-03 1.48472330e-03 2.94253000e-03]"	
1	R2	cv, no ts Influence	"[[0.03736216 0.00402443 0.0238829  ... 0.0259473  0.02758923 0.02064245]
 [0.02467839 0.02555845 0.01774323 ... 0.0380678  0.0179562  0.02709328]
 [0.01322574 0.01022111 0.0124009  ... 0.02437187 0.03844963 0.03489064]
 ...
 [0.03432469 0.01598728 0.02608193 ... 0.00984213 0.03505056 0.03247916]
 [0.02413457 0.03769545 0.01288051 ... 0.03051938 0.02197264 0.01008941]
 [0.00334699 0.00568572 0.01809801 ... 0.0233164  0.0167306  0.01033854]]"	"[9.39472956e-06 3.70379198e-05 2.07446218e-06 1.28528219e-04
 1.36501697e-04 2.25103380e-05 3.38234015e-05 2.47302625e-05
 5.25484570e-05 3.88320009e-04 5.83330821e-05 1.37827202e-05
 1.13709946e-04 9.52090051e-05 3.03764692e-05 2.27478788e-04
 7.81362493e-04 2.27598112e-04 2.25103380e-05 3.80079945e-06
 5.96377999e-05 4.18905135e-05 3.70379198e-05 4.05254053e-06
 2.10887624e-04 1.36102976e-04 1.22417539e-05 1.28076587e-05
 2.25103380e-05 4.64117115e-06 1.51085916e-06 1.42619623e-07
 1.42619623e-07 1.12333349e-06 5.59348050e-06 1.25405515e-05
 1.60306577e-06 1.80945195e-06 2.07446218e-06 3.80079945e-06
 3.97345664e-06 1.37827202e-05 3.38234015e-05 3.74986290e-05
 3.19143832e-05 3.19143832e-05 3.41653482e-05 6.57602367e-05
 2.22451821e-04 4.56724522e-04 2.76003160e-04 4.52873144e-05
 1.60306577e-06 3.57092096e-05 4.63631259e-06 2.70057326e-05
 2.58824185e-05 9.66527845e-05 2.56159491e-04 2.90085730e-04
 2.10516502e-04 3.36672207e-03 3.57092096e-05 6.78743915e-05
 2.10887624e-04 3.49783664e-04 1.53534921e-03 7.34101869e-04
 6.51143211e-06 2.20339146e-04 5.24840676e-04 4.32297418e-05
 8.20352383e-05 2.25103380e-05 1.83984012e-05 3.57092096e-05
 1.32106127e-04 4.18456062e-04 4.90668693e-06 2.25103380e-05
 3.19143832e-05 2.54206905e-05 4.64117115e-06 1.17207448e-04
 3.70379198e-05 2.50253449e-05 1.29835722e-05 2.31568172e-05
 9.39472956e-06 3.84050918e-06 2.31568172e-05 2.21214042e-06
 2.31568172e-05 2.29297489e-04 7.05742990e-05 4.26488049e-05
 4.18905135e-05 1.60306577e-06 2.50253449e-05 1.45058527e-04]"	
2	R3	no cv, ts Influence	"[[0.0154427  0.00243826 0.00124099 ... 0.01039347 0.01893549 0.0225186 ]
 [0.0138133  0.00780097 0.00082883 ... 0.0481006  0.03447056 0.04012929]
 [0.00451257 0.0011884  0.01585729 ... 0.00356216 0.00096462 0.01067669]
 ...
 [0.02037029 0.0034314  0.00551861 ... 0.00197509 0.00110851 0.00134341]
 [0.01549945 0.02378633 0.03202696 ... 0.01300365 0.00861067 0.00134998]
 [0.0007061  0.00062173 0.00076097 ... 0.00116413 0.00929785 0.00375806]]"	"[2.00214926e-03 6.03806812e-03 3.81881048e-03 5.95124003e-04
 7.40587355e-04 4.66295158e-04 2.49705473e-03 4.05642286e-04
 7.33215756e-03 5.93205337e-03 6.13544925e-03 4.90391677e-04
 3.12636396e-03 4.52288274e-03 5.23154558e-03 3.86723301e-03
 1.12481575e-03 1.50317277e-02 1.47928015e-03 1.53983287e-04
 5.08920141e-04 1.11493155e-03 5.95124003e-04 2.32169375e-04
 4.52027676e-04 4.05642286e-04 2.98825869e-04 8.80397700e-05
 2.19475082e-04 3.03832803e-05 5.38549278e-06 3.17672639e-07
 3.17672639e-07 1.12505115e-06 2.65772107e-05 6.17144234e-05
 2.65772107e-05 1.07492416e-05 1.43262112e-05 2.65772107e-05
 3.03832803e-05 9.18984492e-05 2.57802176e-04 2.65349651e-04
 3.67526548e-04 2.98825869e-04 2.92580554e-04 5.44667409e-04
 6.96364756e-04 1.02497837e-03 3.24013294e-03 8.12247998e-04
 9.18984492e-05 4.24639320e-04 4.27644660e-05 8.80397700e-05
 1.12481575e-03 2.86761570e-03 4.41923658e-03 5.93224351e-03
 1.76230451e-03 3.06243834e-02 8.89982078e-04 1.11713919e-02
 5.04930262e-03 4.97884986e-03 9.30637942e-03 3.38310760e-03
 5.98111506e-05 4.05642286e-04 4.68773786e-03 2.05795426e-03
 1.47960752e-03 7.12251758e-04 7.40587355e-04 1.47960752e-03
 6.42643330e-03 2.28481630e-02 9.53898020e-03 6.89246500e-03
 6.42643330e-03 4.68773786e-03 2.27255904e-03 5.34688261e-03
 4.63997996e-03 1.12481575e-03 5.22633011e-04 1.44571976e-03
 2.05795426e-03 7.40587355e-04 2.31223636e-03 6.33630439e-04
 1.17435382e-03 5.59721587e-03 2.55897319e-03 6.93976098e-03
 7.45992310e-03 4.05244249e-03 2.00214926e-03 6.89246500e-03]"	
3	R4	cv, ts Influence	"[[0.08108773 0.05814701 0.08300612 ... 0.05858478 0.07334601 0.08186465]
 [0.08318086 0.07113527 0.07917714 ... 0.12639292 0.10036406 0.06968042]
 [0.05390046 0.07244319 0.08465757 ... 0.11525018 0.07737769 0.09812711]
 ...
 [0.05558693 0.10598239 0.06058911 ... 0.06846744 0.0598666  0.07161305]
 [0.04474729 0.09324674 0.07278102 ... 0.07769854 0.08171095 0.03647365]
 [0.06694145 0.0688867  0.06490921 ... 0.03969507 0.04165924 0.03896352]]"	"[3.39061218e-09 1.41536375e-09 1.03250805e-08 3.38209885e-10
 4.06954595e-09 1.80895859e-09 6.81186212e-10 2.06895038e-10
 1.72037794e-08 4.06954595e-09 5.53934182e-09 2.06895038e-10
 1.10941076e-09 1.54585755e-08 1.03250805e-08 2.03209019e-09
 1.03250805e-08 1.88055549e-06 6.81186212e-10 1.90525263e-10
 4.06954595e-09 2.03209019e-09 4.06954595e-09 4.06954595e-09
 1.37248070e-08 1.66166649e-09 1.90525263e-10 5.61144061e-12
 6.35110875e-08 5.53934182e-09 1.80895859e-09 1.90525263e-10
 6.68198265e-10 3.11709231e-09 4.70006591e-08 7.88807141e-08
 7.96698172e-09 2.03209019e-09 1.34186103e-08 9.44882354e-09
 1.17035782e-08 1.50554614e-08 6.30481415e-08 4.63925274e-08
 4.40870409e-08 1.05723814e-08 4.06954595e-09 4.46265841e-09
 5.59875635e-08 1.27171525e-07 2.12068032e-07 2.84736916e-08
 1.62300651e-09 1.28325036e-08 2.06895038e-10 6.47001439e-09
 2.03209019e-09 7.58904684e-09 1.31980423e-07 8.12349044e-08
 2.36310534e-07 5.31578016e-06 1.79727437e-08 1.37248070e-08
 1.03250805e-08 2.30334765e-08 1.97032956e-07 1.92411513e-07
 1.03250805e-08 3.96648413e-09 2.68855496e-08 1.03761888e-09
 1.39256033e-09 1.10941076e-09 3.71890610e-08 1.37248070e-08
 1.07230391e-07 4.46265841e-09 5.41519430e-10 9.37593329e-09
 1.37248070e-08 1.90525263e-10 1.80895859e-09 6.00098455e-10
 4.46265841e-09 1.50554614e-08 1.41536375e-09 2.83860444e-09
 2.06895038e-10 5.53934182e-09 9.41354156e-09 1.10941076e-09
 1.90525263e-10 3.62200808e-08 5.36578941e-09 1.80895859e-09
 3.65869500e-08 1.50554614e-08 6.81186212e-10 1.93638202e-08]"	
4	R12	Combined no cv, no ts and cv, no ts Influence	"[[0.04320215 0.00828017 0.03799408 ... 0.0465109  0.05264057 0.03392677]
 [0.02895987 0.02720127 0.01863138 ... 0.05263408 0.04591973 0.04823451]
 [0.02465062 0.02250984 0.02587659 ... 0.03161659 0.04303096 0.04773474]
 ...
 [0.03925935 0.01686696 0.02810454 ... 0.01543752 0.04196076 0.03426613]
 [0.03005709 0.04405543 0.01602019 ... 0.03901454 0.0319708  0.01634658]
 [0.00765842 0.02422378 0.02956171 ... 0.02582341 0.02322292 0.01965773]]"	"[1.60630009e-06 9.81166732e-06 1.04334676e-06 3.14519492e-05
 1.34409036e-05 2.55100048e-06 3.39435223e-05 7.73681125e-07
 4.27602710e-05 1.84934914e-05 3.63743736e-06 6.55888849e-06
 7.44424092e-06 1.40224905e-05 2.34486698e-06 2.69328397e-05
 1.59617868e-04 5.29638938e-05 4.13411094e-07 1.62412932e-07
 1.40067345e-05 1.40067345e-05 2.39310623e-06 9.80161428e-07
 1.69483288e-05 1.03778074e-05 1.30211940e-06 2.44798731e-06
 1.27952373e-05 2.14777199e-06 4.46721475e-07 9.29613792e-08
 9.29613792e-08 2.81672894e-07 1.74472410e-06 5.01469366e-06
 3.08050667e-07 4.92461683e-07 9.80161428e-07 1.60630009e-06
 2.00752075e-06 8.44964324e-06 2.08770261e-05 1.66459430e-05
 4.84016604e-06 6.34447299e-06 9.81166732e-06 3.96026270e-05
 2.95364177e-04 5.11421668e-04 4.05279588e-04 5.52791667e-05
 3.61582162e-07 1.69483288e-05 2.09142705e-06 6.97861495e-06
 2.78561121e-06 1.85845202e-05 9.04954106e-05 4.41528632e-05
 5.52791667e-05 9.55029813e-04 9.60786757e-06 2.23172934e-05
 3.39435223e-05 2.08770261e-05 1.79569024e-04 1.15448418e-04
 4.46721475e-07 3.89096345e-05 1.59318050e-04 8.44964324e-06
 1.40067345e-05 2.29563685e-06 6.07151058e-06 1.71186739e-05
 3.34291617e-05 2.35211442e-05 9.38116518e-07 6.34447299e-06
 1.39895973e-05 1.60630009e-06 7.73681125e-07 1.27623352e-05
 1.61920134e-05 3.13820468e-06 1.30211940e-06 3.20317401e-06
 9.80161428e-07 4.46721475e-07 2.55100048e-06 4.13411094e-07
 1.74909578e-06 4.55504495e-05 9.60786757e-06 6.50701450e-06
 4.00225424e-06 1.60630009e-06 2.14777199e-06 9.60786757e-06]"	
5	R13	Combined no cv, no ts and no cv, ts Influence	"[[0.04501865 0.00709051 0.01435926 ... 0.03126519 0.03210785 0.03337894]
 [0.01461045 0.02346784 0.00295609 ... 0.05143266 0.03494891 0.04018123]
 [0.01767211 0.02069424 0.01797702 ... 0.0145986  0.00783902 0.01757605]
 ...
 [0.02788228 0.01610255 0.00680971 ... 0.00220083 0.00113369 0.00993749]
 [0.03671506 0.03539993 0.03615902 ... 0.01832168 0.01160644 0.00168878]
 [0.00591854 0.03029827 0.02423485 ... 0.01246721 0.01580767 0.02243168]]"	"[5.50204972e-05 3.10967850e-04 1.78207123e-04 3.19200539e-05
 7.83957746e-05 5.39866809e-05 4.98389408e-05 2.44757623e-05
 2.84758667e-03 9.37708549e-05 5.39866809e-05 5.70156769e-05
 1.04752827e-04 1.04752827e-04 2.27404346e-05 3.96395317e-05
 6.91921965e-04 3.67561973e-04 7.36930317e-05 2.31904086e-06
 3.35368602e-04 6.13087665e-04 2.27404346e-05 2.85114462e-06
 9.48858247e-06 5.39866809e-05 5.04275372e-05 6.00737565e-06
 5.90053904e-05 9.48858247e-06 3.05151021e-06 4.33518247e-07
 4.33518247e-07 4.87925351e-07 7.66297600e-06 2.27404346e-05
 3.33712641e-06 3.33712641e-06 6.56295784e-06 9.09938128e-06
 9.48858247e-06 3.66486446e-05 5.08756706e-05 5.04275372e-05
 4.98389408e-05 3.82854530e-05 4.77558102e-05 1.04752827e-04
 3.40637914e-04 3.35368602e-04 8.26640758e-04 1.04752827e-04
 2.31904086e-06 2.40048973e-05 6.00737565e-06 5.04275372e-05
 1.94062679e-04 2.29708499e-04 1.01254063e-03 1.60750782e-04
 7.15754568e-05 8.10225157e-03 5.50204972e-05 1.57417470e-04
 7.34477140e-05 2.29708499e-04 5.25838544e-04 1.03087997e-04
 7.83957746e-05 3.18175926e-05 8.15918791e-04 4.18005486e-04
 5.90053904e-05 3.66890443e-05 4.36296626e-05 1.58974998e-04
 1.23336241e-04 1.29389791e-03 5.04275372e-05 6.35119173e-05
 1.38835082e-04 1.71779855e-04 1.60750782e-04 4.41968145e-04
 8.15918791e-04 6.73966541e-05 1.45606021e-05 3.01333109e-05
 2.28101654e-05 2.40048973e-05 1.94062679e-04 4.65480363e-05
 1.57417470e-04 9.99677039e-05 1.03087997e-04 9.99677039e-05
 4.61719591e-04 1.79779748e-04 1.03181413e-04 1.74404062e-04]"	
6	R14	Combined no cv, no ts and cv, ts Influence	"[[0.0912698  0.05939855 0.09324157 ... 0.07217608 0.08860792 0.09523039]
 [0.08422162 0.08278614 0.07944383 ... 0.13264868 0.10091018 0.06990616]
 [0.06305093 0.0750693  0.08578723 ... 0.12042966 0.08655438 0.10297217]
 ...
 [0.06057382 0.12692036 0.06484824 ... 0.07444567 0.06123148 0.07221167]
 [0.05627738 0.09988944 0.08869429 ... 0.08239621 0.08432675 0.03648725]
 [0.06728927 0.08927641 0.08247507 ... 0.06130952 0.06044858 0.07051272]]"	"[1.02709627e-09 2.83909088e-09 1.02146849e-08 2.79932879e-10
 4.55563072e-10 3.18886711e-10 3.18886711e-10 1.77876057e-10
 1.79919808e-08 1.35981700e-09 9.33529676e-10 1.77876057e-10
 3.18484290e-10 1.25918924e-08 3.34042782e-09 2.79932879e-10
 1.89755867e-08 4.61669202e-07 1.77876057e-10 5.78664081e-11
 2.96948660e-09 1.03172616e-09 1.00042659e-09 3.83492197e-10
 2.55644659e-09 9.33529676e-10 1.77876057e-10 3.73199155e-12
 7.17325609e-08 3.34042782e-09 2.64405496e-09 1.95002679e-10
 3.18484290e-10 1.02709627e-09 2.19994292e-08 5.96828704e-08
 8.36650687e-10 8.30490106e-10 8.98911041e-09 5.95178458e-09
 6.49050181e-09 1.07093378e-08 3.53752404e-08 2.25350214e-08
 1.56630189e-08 4.93508602e-09 2.21187195e-09 3.46357527e-09
 1.14889549e-07 2.32698103e-07 1.95143345e-07 2.28981453e-08
 3.56452504e-10 2.64405496e-09 1.77876057e-10 1.26735339e-08
 1.46410493e-09 4.93508602e-09 1.70285115e-07 1.68301531e-08
 6.80802054e-08 2.12075842e-06 1.32809470e-08 3.52763498e-09
 5.07003280e-09 1.77991774e-08 1.02202729e-07 7.43960956e-08
 6.54188014e-09 1.87672814e-09 2.31844474e-08 1.18668314e-09
 3.24301734e-10 1.95002679e-10 1.41200784e-08 3.93032775e-09
 6.28255915e-08 2.43922622e-09 1.95002679e-10 6.49050181e-09
 4.93508602e-09 6.44552222e-11 9.33529676e-10 4.55563072e-10
 3.81416296e-09 3.46058424e-09 7.20333785e-10 5.72411365e-10
 2.60832190e-10 5.52035366e-09 6.54188014e-09 3.18886711e-10
 2.47957990e-10 1.31052848e-08 1.44359039e-09 8.36650687e-10
 6.82287746e-09 2.81569198e-09 2.47957990e-10 5.03247716e-09]"	
7	R23	Combined cv, no ts and no cv, ts Influence	"[[0.04674687 0.00654962 0.02418239 ... 0.03259032 0.03164255 0.02759076]
 [0.03156407 0.02771505 0.02131421 ... 0.06683343 0.05364013 0.04768412]
 [0.01947567 0.01395537 0.02482993 ... 0.04316726 0.04403729 0.03741472]
 ...
 [0.03439879 0.02421754 0.02915588 ... 0.01796411 0.04344646 0.03277618]
 [0.05675289 0.05077258 0.04015144 ... 0.03302728 0.02646655 0.01444432]
 [0.00371166 0.01020302 0.0191008  ... 0.02531004 0.02192323 0.01603296]]"	"[6.82085832e-06 2.11712095e-05 1.06158041e-06 2.46328608e-06
 2.88497780e-06 5.50275854e-06 2.84169496e-05 1.22612871e-06
 2.01445141e-06 9.54896835e-05 9.95459682e-07 8.53540774e-07
 5.94851721e-06 1.58282165e-05 8.36190348e-06 1.35144268e-05
 9.82519124e-05 1.63471604e-04 1.06158041e-06 1.65344838e-07
 3.17197524e-05 2.26575849e-05 1.47790165e-07 1.19440710e-08
 2.88497780e-06 1.22612871e-06 8.53540774e-07 9.95459682e-07
 5.94851721e-06 1.75399461e-06 4.42838357e-07 7.48865754e-08
 7.08083725e-08 2.00283913e-07 1.58728768e-06 3.95117966e-06
 4.42838357e-07 4.42838357e-07 8.53540774e-07 1.62531141e-06
 2.10353302e-06 7.47612289e-06 1.35144268e-05 1.29975782e-05
 7.65263331e-06 7.76434691e-06 6.90175674e-06 8.77380896e-06
 2.85866860e-05 4.62400296e-05 1.07448645e-04 1.15217572e-05
 1.65344838e-07 5.94851721e-06 1.34973080e-06 6.90175674e-06
 2.88497780e-06 8.86448548e-06 2.65174855e-05 2.61095393e-05
 2.01282891e-05 1.08252690e-03 1.75399461e-06 1.58282165e-05
 6.37022728e-05 2.84169496e-05 6.55068471e-05 2.82383269e-05
 1.06158041e-06 2.87079801e-05 1.42842521e-04 1.58282165e-05
 1.58282165e-05 2.88497780e-06 5.22225408e-06 1.52047109e-06
 2.82383269e-05 2.12573215e-04 1.49939225e-05 2.12967646e-05
 2.82383269e-05 8.29157551e-06 7.19138595e-06 1.33881532e-05
 5.94851721e-06 9.95459682e-07 3.39213185e-07 9.95459682e-07
 1.65344838e-07 1.22612871e-06 3.12661902e-06 1.02564861e-06
 7.41627855e-06 1.65828272e-05 1.94671332e-05 1.98962274e-05
 1.49939225e-05 8.53540774e-07 1.58728768e-06 2.26575849e-05]"	
8	R24	Combined cv, no ts and cv, ts Influence	"[[0.09358685 0.06087373 0.09331289 ... 0.07065003 0.07934289 0.09443301]
 [0.0925992  0.08656956 0.11768947 ... 0.13318586 0.10684178 0.08333933]
 [0.08376553 0.08710301 0.10560569 ... 0.13699526 0.10811512 0.10724126]
 ...
 [0.0714101  0.14894639 0.08998497 ... 0.07974799 0.08840783 0.07784033]
 [0.08659256 0.11628271 0.09591115 ... 0.11129307 0.1010085  0.05262985]
 [0.07266458 0.07254231 0.08028465 ... 0.0634033  0.05791204 0.05079158]]"	"[1.71755650e-10 2.25021374e-09 7.03145349e-10 1.13557502e-10
 1.39403571e-09 2.00180069e-10 5.75139839e-10 1.74115357e-10
 8.33491892e-10 4.44075290e-10 1.93220106e-10 1.58809311e-10
 1.09030645e-09 2.50693807e-09 1.39403571e-09 1.58809311e-10
 3.46809930e-09 2.15860923e-07 3.03875868e-10 7.57482248e-11
 2.70693390e-09 1.74115357e-10 1.93220106e-10 1.46835932e-10
 1.82276269e-09 1.15139546e-09 1.46835932e-10 6.26207637e-11
 1.76522397e-08 2.40900557e-09 1.18176704e-09 1.46835932e-10
 2.85339957e-10 1.61264152e-09 2.13459047e-08 2.64416587e-08
 1.06612322e-09 5.99916283e-10 4.68599281e-09 3.68014926e-09
 3.07145420e-09 3.95390316e-09 1.94361611e-08 1.98569334e-08
 1.38613391e-08 4.39280417e-09 1.39403571e-09 2.70248712e-09
 2.82771674e-08 5.82848061e-08 2.45969367e-08 3.44604848e-09
 1.13557502e-10 1.33544767e-09 1.46835932e-10 5.54026051e-09
 2.00180069e-10 8.65231459e-10 1.79211880e-08 4.88747863e-09
 1.16489376e-08 2.94862060e-07 1.61264152e-09 2.35649800e-09
 3.44604848e-09 3.07145420e-09 6.11742694e-08 6.30926849e-08
 4.19263672e-09 1.28502174e-09 3.69281159e-09 6.26207637e-11
 2.84587339e-10 1.13557502e-10 5.13526887e-09 5.75139839e-10
 1.46027791e-08 5.36833901e-09 1.31371920e-10 7.97696727e-10
 1.64125842e-09 1.70284700e-10 3.88048295e-10 1.09452419e-10
 8.33491892e-10 1.61264152e-09 1.61264152e-09 8.33491892e-10
 1.46835932e-10 1.21326215e-09 2.08697255e-09 6.26207637e-11
 6.26207637e-11 8.08852158e-09 4.28432577e-10 1.13557502e-10
 3.07145420e-09 8.65231459e-10 1.93220106e-10 3.49286426e-09]"	
9	R34	Combined no cv, ts and cv, ts Influence	"[[0.08769896 0.05883142 0.08646007 ... 0.06389451 0.07805913 0.08194055]
 [0.08531224 0.07339803 0.08579287 ... 0.14153533 0.11518694 0.07567195]
 [0.06181081 0.07607372 0.0901659  ... 0.12170451 0.07908276 0.10677427]
 ...
 [0.05560518 0.10648518 0.06280219 ... 0.07836624 0.06489246 0.08118935]
 [0.07989735 0.10898325 0.1007276  ... 0.07866832 0.08190518 0.03732777]
 [0.07392229 0.0738126  0.07595141 ... 0.04679258 0.05573906 0.0440798 ]]"	"[1.38866757e-09 1.05315763e-09 3.96661956e-09 3.38391207e-10
 1.20959643e-09 1.35142548e-09 1.31613540e-10 2.52581746e-10
 6.53158080e-09 5.41288964e-09 5.41288964e-09 3.32341180e-11
 4.91750074e-10 6.53158080e-09 5.40301876e-09 2.65431021e-09
 8.68703367e-09 9.73175615e-07 6.26064266e-10 1.20062922e-10
 1.21632900e-09 1.63048170e-09 9.34278755e-10 3.98259993e-09
 1.17987286e-09 6.38163329e-10 1.05315763e-09 4.52347422e-13
 2.39581910e-08 5.41288964e-09 1.18391499e-09 1.31613540e-10
 4.91750074e-10 1.74901445e-09 3.74938847e-08 5.98228662e-08
 5.40301876e-09 1.20822450e-09 1.10976912e-08 6.53158080e-09
 7.11414281e-09 1.29528401e-08 5.01042649e-08 2.37684012e-08
 2.54069629e-08 6.53158080e-09 1.74901445e-09 1.38866757e-09
 2.47892746e-08 4.40830431e-08 8.66849762e-08 1.74858015e-08
 6.06425526e-10 7.38235017e-09 1.64460155e-10 1.38866757e-09
 1.21632900e-09 5.22906588e-09 3.74938847e-08 3.24118053e-08
 1.39786168e-07 2.31867142e-06 6.77165668e-09 2.87753582e-09
 2.87753582e-09 1.99900260e-08 1.88310902e-07 7.28325195e-08
 4.23273330e-09 9.34278755e-10 1.95175054e-08 6.06425526e-10
 6.06425526e-10 6.26064266e-10 2.36127412e-08 9.18084106e-09
 7.75541236e-08 9.55537586e-09 1.17987286e-09 2.07406285e-08
 3.96748141e-09 1.64460155e-10 1.17987286e-09 2.52581746e-10
 1.57195452e-09 5.40301876e-09 3.38391207e-10 9.34278755e-10
 1.20062922e-10 1.79936687e-09 1.19328086e-08 4.91750074e-10
 1.20062922e-10 1.36867162e-08 1.57997335e-09 1.57195452e-09
 2.79968877e-08 9.15514719e-09 3.38391207e-10 2.54069629e-08]"	
10	R1234	Combined no cv, no ts and cv, no ts and no cv, ts and cv, ts Influence	"[[0.10266602 0.06439686 0.10986827 ... 0.09775044 0.1123461  0.11456764]
 [0.09529318 0.10085293 0.12660895 ... 0.15596087 0.12652822 0.09480243]
 [0.09970928 0.09199904 0.11004092 ... 0.14635253 0.11502449 0.12310999]
 ...
 [0.07441043 0.15161941 0.09702598 ... 0.09415593 0.09534904 0.08952387]
 [0.11776372 0.12722234 0.12344889 ... 0.12225488 0.1079961  0.05667051]
 [0.08095493 0.1011593  0.11735874 ... 0.08322209 0.08060571 0.07516889]]"	"[9.40975688e-11 3.81852501e-10 3.49257462e-10 9.40975688e-11
 5.99970527e-10 1.48597746e-10 1.33840746e-10 1.48597746e-10
 4.67091052e-10 1.44128426e-10 1.50466191e-10 7.62614380e-11
 9.40975688e-11 1.70118664e-09 5.99970527e-10 7.86127560e-11
 2.10561733e-09 5.63160688e-08 9.40975688e-11 3.03942348e-11
 3.60373756e-10 1.33840746e-10 3.59219546e-11 8.89634283e-11
 1.33840746e-10 2.70475063e-10 1.91512223e-10 5.01481872e-12
 6.84514373e-09 1.22772158e-09 9.46060908e-10 9.40975688e-11
 1.44128426e-10 3.94706230e-10 1.43952894e-08 1.90382812e-08
 1.48597746e-10 1.50466191e-10 2.61813483e-09 2.07221371e-09
 1.79329373e-09 3.83488480e-09 1.41941020e-08 6.79141426e-09
 4.36519180e-09 2.61419954e-09 9.35751654e-10 1.35739266e-09
 2.72433181e-08 4.07050787e-08 3.05838696e-08 6.21890604e-09
 9.40975688e-11 5.99970527e-10 9.40975688e-11 1.35739266e-09
 1.27344131e-10 2.70475063e-10 1.72880430e-08 7.11906936e-10
 3.14347465e-09 5.63160688e-08 5.06521701e-10 1.81866121e-10
 3.19969796e-10 2.01214247e-09 2.49590234e-08 1.10432782e-08
 9.25520291e-10 1.88337874e-10 1.04111387e-09 3.03942348e-11
 9.75247978e-11 3.03942348e-11 3.45998476e-09 3.94706230e-10
 1.62465093e-08 2.20905252e-09 8.89634283e-11 1.50909298e-09
 1.50466191e-10 3.59219546e-11 9.28199931e-11 8.89634283e-11
 4.45260548e-10 6.76738622e-10 2.70475063e-10 1.33840746e-10
 8.09224507e-11 5.06521701e-10 1.84024502e-09 3.03942348e-11
 4.16616313e-11 1.69746286e-09 1.48597746e-10 1.50466191e-10
 1.52701344e-09 3.81061135e-10 8.89634283e-11 1.61629738e-09]"	
11	y1	Unique no cv, no ts	"[[3.73843290e-03 3.11621084e-03 1.28601690e-02 ... 2.46301304e-02
  2.86380997e-02 2.00929483e-02]
 [4.05193774e-04 1.34608280e-02 1.84583930e-03 ... 9.80123601e-03
  6.72590447e-03 6.62408207e-03]
 [9.05582424e-03 2.17805507e-03 2.80819615e-03 ... 3.32860624e-03
  5.51271810e-03 8.24625462e-03]
 ...
 [2.81495307e-03 1.06127292e-03 3.62528070e-03 ... 1.52067878e-03
  2.87406593e-05 1.58947122e-03]
 [4.92624698e-03 6.30552766e-05 5.88847433e-03 ... 8.07183579e-03
  6.83262642e-03 1.67245595e-03]
 [8.17851718e-04 2.27874928e-02 2.60871069e-02 ... 1.51953728e-02
  9.60749059e-03 1.96179872e-02]]"	"[1.05741502e-03 1.41460080e-03 2.20400356e-03 1.05741502e-03
 4.75905021e-03 2.66403633e-04 6.44569077e-04 3.58571528e-04
 9.37789005e-03 1.41460080e-03 5.06942948e-05 7.40879709e-03
 4.31768638e-03 1.05741502e-03 8.36647746e-04 3.19329371e-03
 2.73801345e-03 1.75847768e-03 1.65875329e-04 1.21683683e-03
 1.03606841e-03 6.44569077e-04 5.08595665e-03 8.51910217e-04
 5.66681158e-04 3.19329371e-03 2.06261586e-03 3.31332032e-04
 2.15159349e-04 4.38455154e-04 3.51615863e-04 8.84482202e-05
 1.60000993e-05 4.36412086e-05 7.48699186e-04 1.20961695e-03
 1.58633304e-04 1.65875329e-04 7.48699186e-04 7.48699186e-04
 3.09167814e-03 4.69130986e-03 3.58571528e-04 6.79527005e-04
 7.48699186e-04 7.48699186e-04 1.22561261e-03 2.43911974e-03
 1.21683683e-03 2.06261586e-03 3.40419900e-03 2.13659011e-03
 1.41460080e-03 4.38455154e-04 4.36412086e-05 3.09167814e-03
 3.14976330e-04 8.51910217e-04 1.51242303e-02 2.20400356e-03
 6.79527005e-04 1.58633304e-04 2.33239172e-04 2.33863216e-03
 7.48699186e-04 2.74264046e-03 7.48699186e-04 3.58571528e-04
 8.21552203e-04 1.01595804e-03 4.36412086e-05 5.96265928e-05
 5.47578724e-05 3.14976330e-04 2.83450401e-04 2.29561183e-03
 3.14976330e-04 5.41020908e-04 1.41028194e-03 5.73470719e-03
 3.09167814e-03 1.21683683e-03 7.48699186e-04 7.48699186e-04
 8.54120169e-04 3.09167814e-03 2.42828410e-03 1.58633304e-04
 5.96265928e-05 4.09711849e-04 9.02347296e-04 7.48699186e-04
 5.54212839e-03 3.58571528e-04 3.56734731e-04 3.76809905e-03
 1.41460080e-03 1.35142989e-03 3.09167814e-03 6.44569077e-04]"	
12	y2	Unique cv, no ts	"[[0.00620759 0.00446932 0.010817   ... 0.02248094 0.02023068 0.01792834]
 [0.00927976 0.01216075 0.04008534 ... 0.00746933 0.01012639 0.01893555]
 [0.02560945 0.0112698  0.01957012 ... 0.01863725 0.02664272 0.01196771]
 ...
 [0.01370835 0.02309195 0.03057141 ... 0.00698637 0.02821403 0.00726799]
 [0.02604358 0.01277901 0.00410358 ... 0.03927249 0.02348435 0.01929143]
 [0.00582247 0.00462903 0.01927191 ... 0.01870639 0.01195232 0.00273977]]"	"[3.59001533e-05 3.29368500e-05 3.87416699e-05 5.22609740e-05
 8.47965626e-04 1.28773809e-05 1.90955919e-04 3.59001533e-05
 1.21468504e-04 7.03200792e-05 4.45762726e-05 8.36676614e-05
 3.41293591e-05 1.74239776e-05 3.41293591e-05 1.28773809e-05
 5.20674720e-05 1.15911077e-05 3.87416699e-05 1.90955919e-04
 2.79498707e-05 9.87444403e-05 1.78696002e-05 1.78696002e-05
 1.78696002e-05 1.52020504e-05 4.53102883e-05 3.90538502e-04
 2.32214537e-04 2.79960683e-05 5.27437062e-05 1.52020504e-05
 3.72510863e-06 3.72510863e-06 2.27377790e-05 1.52961637e-05
 1.78167371e-06 1.52020504e-05 2.79498707e-05 3.93838537e-05
 1.73155691e-04 3.45129237e-03 1.17471884e-03 2.64248515e-04
 3.67452219e-05 2.48799928e-04 3.91600867e-04 3.93838537e-05
 5.20674720e-05 3.87416699e-05 2.89162069e-05 1.52020504e-05
 1.73155691e-04 1.25848982e-04 1.78696002e-05 1.52020504e-05
 1.52020504e-05 2.12808670e-04 1.65299669e-03 5.19555265e-05
 5.20674720e-05 2.79498707e-05 3.73315009e-05 3.41293591e-05
 5.16259608e-05 6.29292648e-05 5.04381226e-05 3.59001533e-05
 3.62726784e-05 5.04269638e-04 9.85897103e-05 1.58647868e-04
 8.00894524e-05 1.82356239e-05 6.48896695e-05 1.78696002e-05
 2.79498707e-05 3.41293591e-05 1.13875774e-04 2.79498707e-05
 1.55901056e-05 1.61208836e-04 5.20674720e-05 1.74239776e-05
 7.14704605e-05 3.41091722e-05 9.68213909e-05 3.93838537e-05
 3.19715421e-05 5.22609740e-05 3.41293591e-05 7.59440807e-05
 6.11604562e-05 4.67788329e-05 1.06817022e-03 3.41293591e-05
 1.90955919e-04 2.79498707e-05 3.36121675e-05 1.82356239e-05]"	
13	y3	Unique no cv, ts	"[[4.90394529e-03 1.38534237e-04 4.89818775e-03 ... 3.31572387e-04
  3.21545121e-03 1.50748952e-03]
 [1.91484975e-03 3.53797549e-03 6.34195411e-03 ... 1.52082557e-02
  1.48273179e-02 5.89861215e-03]
 [9.68258955e-03 3.62716583e-03 8.00600730e-04 ... 8.00468238e-03
  1.26768398e-03 6.98322406e-03]
 ...
 [1.06004016e-04 1.70357615e-03 2.17520507e-03 ... 1.39477285e-02
  6.88630536e-03 1.11976155e-02]
 [2.86367860e-02 9.60535043e-03 2.47201413e-02 ... 2.05134298e-03
  3.30789788e-05 2.23834385e-03]
 [8.19457758e-03 1.01013294e-02 1.71796602e-02 ... 1.25092320e-03
  6.69736985e-03 1.18742232e-03]]"	"[2.85444366e-03 4.52371341e-04 1.33837967e-03 3.97395286e-03
 3.19942710e-04 1.33820475e-03 3.67886089e-04 4.57548775e-03
 2.54368013e-04 2.07213428e-03 2.96188679e-03 1.07753422e-03
 1.33820475e-03 5.32502906e-04 8.89529762e-04 4.52371341e-04
 9.99626742e-04 1.48777672e-03 1.22958395e-03 1.83583844e-03
 1.05380684e-03 8.29543096e-04 4.95462127e-04 5.85484064e-04
 3.16524534e-03 2.54368013e-04 1.33837967e-03 1.89367619e-03
 5.32502906e-04 3.87584953e-04 3.16524534e-03 3.35407471e-03
 4.57999277e-04 1.07753422e-03 6.65359786e-03 5.98259548e-04
 1.46519938e-03 4.48861725e-04 2.54368013e-04 1.15693812e-03
 1.48777672e-03 6.26715589e-04 3.96990113e-05 3.22632090e-04
 4.57999277e-04 5.32502906e-04 2.54368013e-04 5.32502906e-04
 4.87114998e-04 1.48777672e-03 8.01698200e-04 5.32502906e-04
 3.52894183e-03 3.16200966e-03 2.86843520e-03 1.04060944e-03
 2.54368013e-04 2.54368013e-04 9.99626742e-04 1.56080276e-03
 5.36713371e-04 1.09300292e-03 1.07753422e-03 1.33837967e-03
 9.99626742e-04 9.99626742e-04 1.33837967e-03 3.65615359e-04
 4.52371341e-04 6.78110417e-04 5.36713371e-04 1.58572595e-03
 5.32502906e-04 2.70833894e-04 1.48777672e-03 1.33837967e-03
 1.06049957e-03 6.66890352e-03 3.57193150e-03 7.40463119e-03
 1.33837967e-03 1.58103431e-03 5.32502906e-04 6.17918871e-03
 1.09300292e-03 4.60081244e-04 2.54016285e-03 1.33837967e-03
 6.26715589e-04 2.54368013e-04 6.38975314e-04 3.67886089e-04
 4.42642278e-03 2.76536710e-04 4.60081244e-04 1.25971383e-03
 8.58933381e-04 1.07753422e-03 1.07753422e-03 2.32691983e-03]"	
14	y4	Unique cv, ts	"[[0.05052646 0.05263748 0.07182242 ... 0.04715419 0.05787667 0.07600443]
 [0.062329   0.06352872 0.1042336  ... 0.07772899 0.05976192 0.03299702]
 [0.06436885 0.06754777 0.07976566 ... 0.10083523 0.06571535 0.07134598]
 ...
 [0.03317253 0.11886434 0.06742251 ... 0.07483594 0.05065208 0.05427554]
 [0.05540524 0.07500932 0.08151186 ... 0.08149875 0.07233789 0.03872015]
 [0.071884   0.06739478 0.0712935  ... 0.04606454 0.05175908 0.04227204]]"	"[3.14861415e-10 7.20541436e-08 4.83223158e-09 2.27420789e-09
 1.75818004e-09 5.41937484e-10 3.14861415e-10 8.76144659e-10
 2.69811848e-10 3.91018458e-10 1.39957543e-09 4.48374655e-10
 1.71006281e-10 1.16927898e-08 7.93345034e-10 1.75358451e-10
 1.63035435e-08 1.90245178e-08 8.89419657e-09 3.33134503e-10
 5.05472590e-09 2.27420789e-09 7.62651142e-09 3.37556122e-09
 1.50135890e-09 7.25228030e-09 7.25228030e-09 8.98893850e-11
 4.62007571e-09 1.29711260e-08 1.42873271e-10 2.55558545e-11
 4.48374655e-10 2.29094019e-10 9.54530414e-09 1.53842768e-09
 1.11752389e-08 4.48374655e-10 8.95195815e-09 4.48374655e-10
 4.94123646e-11 1.10328300e-09 2.29094019e-10 5.41937484e-10
 1.25197459e-10 1.23757225e-08 5.83492127e-08 2.16906272e-09
 5.26730630e-10 5.28085376e-09 2.08877389e-08 3.14861415e-10
 4.29868574e-10 1.30767634e-08 3.85018118e-08 8.98893850e-11
 5.41937484e-10 5.66985346e-10 3.22858266e-09 7.11038332e-09
 1.15582177e-08 3.07270349e-10 1.03490259e-08 1.52556020e-09
 1.42873271e-10 3.22858266e-09 2.27420789e-09 1.07815947e-08
 3.22858266e-09 1.23226320e-09 1.69786710e-09 1.75818004e-09
 6.40857926e-10 6.69239359e-09 1.74041938e-08 6.80359610e-09
 6.67325619e-08 5.41937484e-10 7.93345034e-10 3.22858266e-09
 1.50164983e-09 4.68141848e-10 1.75818004e-09 6.07234035e-10
 7.93345034e-10 3.14861415e-10 4.71614520e-09 1.53745487e-09
 4.48374655e-10 1.83495318e-08 3.22858266e-09 3.14861415e-10
 1.04775304e-10 7.93345034e-10 2.68245274e-11 8.98893850e-11
 3.14861415e-10 4.48374655e-10 1.33080361e-11 9.20137267e-09]"	
15	y12	Shared Variance no cv, no ts and cv, no ts	"[[ 5.02103998e-03 -2.02008940e-03 -2.68976851e-04 ... -1.32551306e-02
  -1.45818052e-02 -5.39418843e-03]
 [ 2.95984780e-04  1.83332029e-03 -1.11510231e-03 ... -2.84502837e-03
  -5.51101431e-03 -6.42914777e-03]
 [ 3.23319444e-03  2.47746975e-03 -2.50329675e-03 ...  2.68215527e-03
   3.78628459e-03 -3.87824631e-03]
 ...
 [ 2.28194748e-03  2.09810052e-02  2.70943691e-05 ...  7.28264557e-03
   2.21381766e-03 -5.22943456e-04]
 [ 6.89653287e-03  5.39702402e-03  1.27292374e-02 ... -3.75776555e-03
  -4.22606705e-03 -1.62115236e-03]
 [ 3.92314438e-04 -6.98219878e-05 -3.95168197e-03 ...  2.52774931e-03
   3.30683865e-03  8.73134128e-03]]"	"[0.59948417 0.66662419 0.98565795 0.59948417 0.61842419 0.66662419
 0.59948417 0.80201082 0.59948417 0.81412811 0.92037751 0.98565795
 0.61842419 0.97642692 0.61842419 0.80903537 0.62523256 0.80201082
 0.59948417 0.59948417 0.62523256 0.59948417 0.59948417 0.61842419
 0.65106168 0.59948417 0.59948417 0.59948417 0.62523256 0.65106168
 0.92774262 0.65106168 0.9233275  0.9233275  0.60904897 0.59948417
 0.98565795 0.59948417 0.65106168 0.9233275  0.99842864 0.81543741
 0.98565795 0.9233275  0.81189516 0.98565795 0.83119659 0.81189516
 0.9419373  0.9233275  0.62523256 0.59948417 0.59948417 0.59948417
 0.59948417 0.80201082 0.61842419 0.61774898 0.65106168 0.61842419
 0.59948417 0.92037751 0.59948417 0.64498501 0.65106168 0.83243787
 0.59948417 0.9233275  0.9233275  0.9233275  0.98565795 0.81189516
 0.61842419 0.91542116 0.59948417 0.80201082 0.9233275  0.80201082
 0.59948417 0.9233275  0.98565795 0.80903537 0.88368907 0.80201082
 0.62523256 0.59948417 0.83243787 0.59948417 0.61842419 0.9233275
 0.9233275  0.9233275  0.71157072 0.65106168 0.88368907 0.62523256
 0.65106168 0.9233275  0.99842864 0.9233275 ]"	
16	y13	Shared Variance no cv, no ts and no cv, ts	"[[ 4.36795431e-04  2.68381023e-04 -1.20297775e-03 ...  2.13870791e-03
   1.14966477e-03 -1.46580863e-03]
 [ 3.73938546e-04 -2.71543595e-03  7.31684923e-04 ... -2.23448999e-03
  -1.86677748e-03 -1.05959314e-03]
 [-2.79466849e-03 -9.09189454e-04  8.26428305e-04 ... -1.97601556e-03
   1.28968274e-04  6.39253005e-04]
 ...
 [ 7.93657885e-05 -9.18317637e-05  1.24051594e-03 ... -1.06046738e-03
   2.61656208e-05 -1.10354344e-03]
 [-2.39188103e-03  1.27123325e-03 -3.07087291e-03 ...  8.38635666e-04
   1.21893361e-04  1.29856833e-04]
 [-7.22077823e-04 -4.27183507e-03 -6.19267868e-03 ...  3.37250099e-03
   6.38881089e-03  3.57190317e-03]]"	"[0.48572309 0.43578661 0.94838813 0.81318249 0.55754923 0.55754923
 0.99312408 0.99312408 0.62273611 0.43578661 0.48572309 0.43578661
 0.81318249 0.81318249 0.49441169 0.96839158 0.75489675 0.99312408
 0.55754923 0.83638192 0.69995916 0.40114179 0.55754923 0.43578661
 0.99312408 0.43578661 0.89716518 0.43578661 0.99312408 0.86661084
 0.13746388 0.08045425 0.08045425 0.86661084 0.99312408 0.99665633
 0.81318249 0.08851043 0.51504737 0.40114179 0.83179226 0.90323106
 0.67343435 0.8414466  0.99312408 0.85564095 0.98124099 0.67241086
 0.36809671 0.17513974 0.43578661 0.75489675 0.25813755 0.55754923
 0.48984972 0.36463584 0.48572309 0.43578661 0.58283378 0.8487328
 0.83179226 0.97585619 0.62273611 0.43578661 0.43578661 0.36927555
 0.48572309 0.62273611 0.81318249 0.95134365 0.50435102 0.48572309
 0.43578661 0.85564095 0.43578661 0.16700175 0.48572309 0.94838813
 0.43578661 0.55754923 0.62273611 0.99312408 0.81318249 0.62273611
 0.99312408 0.82868074 0.91316792 0.81318249 0.43578661 0.48248501
 0.43578661 0.86661084 0.58283378 0.11847255 0.55754923 0.70931106
 0.81318249 0.75489675 0.99312408 0.70931106]"	
17	y14	Shared Variance no cv, no ts and cv, ts	"[[ 0.00165425  0.00209354  0.0010033  ... -0.0066242  -0.00581122
  -0.00912049]
 [ 0.00099492 -0.00385167 -0.00078469 ...  0.00159721  0.00640027
   0.00749721]
 [ 0.00680893  0.00831785  0.00263713 ... -0.00097856 -0.00024087
   0.00610304]
 ...
 [ 0.00402416  0.00747626 -0.00317769 ... -0.00016479  0.00122176
   0.00088268]
 [ 0.00067934  0.00137738 -0.00410289 ... -0.00034298  0.00235903
   0.00183358]
 [ 0.00454142  0.000774    0.00087733 ... -0.00334786 -0.00268409
  -0.00275409]]"	"[0.01285081 0.33121457 0.68986221 0.55074357 0.42705713 0.80184411
 0.81551553 0.71721883 0.4667427  0.77568528 0.29479467 0.65172661
 0.80184411 0.97329615 0.41471202 0.79116184 0.46587124 0.46587124
 0.78944225 0.58111158 0.46587124 0.80184411 0.29479467 0.80184411
 0.78944225 0.47667886 0.77471665 0.66612103 0.28313373 0.28313373
 0.28313373 0.00807303 0.28313373 0.29479467 0.48556833 0.5282929
 0.79542512 0.58115317 0.36662843 0.28313373 0.33121457 0.58577538
 0.36662843 0.29479467 0.36662843 0.28313373 0.29479467 0.5282929
 0.58115317 0.36662843 0.36662843 0.46587124 0.29479467 0.36489922
 0.36390864 0.29479467 0.42705713 0.79116184 0.46523026 0.78944225
 0.33121457 0.77568528 0.93790307 0.33121457 0.49237982 0.81723843
 0.97680456 0.58111158 0.95539275 0.46523026 0.73367333 0.57418677
 0.48960852 0.58577538 0.65441762 0.33121457 0.46523026 0.33121457
 0.36390864 0.57418677 0.29479467 0.33121457 0.33121457 0.33121457
 0.57418677 0.47084749 0.5282929  0.81551553 0.29479467 0.29479467
 0.36662843 0.5282929  0.33121457 0.46587124 0.33121457 0.4667427
 0.33121457 0.5282929  0.33121457 0.68986221]"	
18	y23	Shared Variance cv, no ts and no cv, ts	"[[ 2.84681007e-04  3.90452088e-04  9.11504386e-04 ...  2.76185549e-03
   2.92050820e-04 -9.85722597e-05]
 [-1.23056479e-04  2.36806093e-03  7.37823852e-04 ...  6.34604113e-04
   6.64337140e-04  6.21191940e-05]
 [ 1.36630301e-03  2.03278218e-03  3.88296343e-03 ... -7.19066269e-04
   5.59696727e-04  1.18688235e-03]
 ...
 [ 2.22543720e-05 -9.64756290e-05 -5.68880402e-04 ... -1.22383944e-03
  -9.82762668e-04 -1.15340607e-03]
 [ 6.80596278e-03  4.94854077e-03  5.93087864e-03 ... -1.46516631e-03
   1.51915446e-04 -1.34651745e-03]
 [-3.51382297e-04 -2.84746609e-03 -1.56789798e-03 ...  1.95525603e-03
   1.50743664e-03  7.28980148e-04]]"	"[0.56324791 0.6882358  0.48917468 0.92450861 0.48917468 0.74308423
 0.99780335 0.56324791 0.48917468 0.48917468 0.6882358  0.92955866
 0.99780335 0.48917468 0.56324791 0.59305503 0.6882358  0.17216555
 0.56324791 0.15931739 0.30431685 0.17216555 0.2733271  0.48917468
 0.92322579 0.56324791 0.74308423 0.45840877 0.80499798 0.92955866
 0.13528791 0.17216555 0.56324791 0.5556312  0.56324791 0.48917468
 0.96697988 0.48917468 0.92322579 0.82776589 0.48917468 0.48917468
 0.30431685 0.13528791 0.17216555 0.21148146 0.48917468 0.48917468
 0.56324791 0.48917468 0.48917468 0.36771535 0.56324791 0.88509992
 0.56324791 0.56324791 0.74308423 0.59305503 0.56324791 0.30431685
 0.32562382 0.96697988 0.56324791 0.56324791 0.56324791 0.74308423
 0.56324791 0.59305503 0.17216555 0.56324791 0.48917468 0.48917468
 0.56324791 0.67387978 0.30431685 0.48917468 0.6882358  0.59305503
 0.56324791 0.56324791 0.48917468 0.48917468 0.56324791 0.48917468
 0.56324791 0.56324791 0.56324791 0.48917468 0.96697988 0.63748455
 0.56324791 0.48917468 0.48917468 0.56324791 0.56324791 0.56324791
 0.17216555 0.37527815 0.42300251 0.76791793]"	
19	y24	Shared Variance cv, no ts and cv, ts	"[[ 0.00091332  0.00019954  0.01286959 ... -0.00314987  0.00213091
  -0.01274406]
 [ 0.00907397  0.00169562 -0.02066608 ...  0.01932989  0.02169101
   0.00268864]
 [-0.00794113 -0.00751276 -0.00727188 ...  0.01228145  0.01482739
   0.02222025]
 ...
 [-0.00035273 -0.00643943 -0.00777766 ...  0.01013279  0.01534925
   0.01804285]
 [-0.00040017  0.00403408  0.00167443 ... -0.01683803  0.00056742
  -0.00302986]
 [-0.00267007 -0.00116279  0.00255848 ...  0.00598395  0.00108664
   0.00772541]]"	"[0.19123687 0.46663246 0.46663246 0.46663246 0.61954615 0.63837029
 0.46663246 0.4908803  0.41643246 0.97637933 0.97815084 0.28749454
 0.61954615 0.96970492 0.46663246 0.28749454 0.76394021 0.41609995
 0.41609995 0.63837029 0.46663246 0.30674476 0.28749454 0.16979219
 0.46663246 0.46663246 0.46663246 0.23104597 0.20435586 0.19123687
 0.19123687 0.03402077 0.03402077 0.03402077 0.19123687 0.63837029
 0.46663246 0.46663246 0.45815702 0.46663246 0.28749454 0.46663246
 0.41643246 0.63837029 0.56659205 0.45815702 0.30674476 0.46663246
 0.56659205 0.76154968 0.46663246 0.46663246 0.46663246 0.66746891
 0.46663246 0.16979219 0.23104597 0.16979219 0.19123687 0.56659205
 0.75311152 0.80282123 0.75311152 0.56659205 0.46663246 0.53139101
 0.28749454 0.16979219 0.03402077 0.46663246 0.46663246 0.41609995
 0.46663246 0.56659205 0.45815702 0.46663246 0.63837029 0.56659205
 0.98143209 0.90694122 0.68031424 0.30674476 0.46663246 0.63837029
 0.46663246 0.56659205 0.93783179 0.63837029 0.82522291 0.68898565
 0.61954615 0.68898565 0.45815702 0.60064257 0.54533189 0.63203277
 0.46663246 0.73371935 0.19123687 0.75360484]"	
20	y34	Shared Variance no cv, ts and cv, ts	"[[ 0.00403346  0.00334067 -0.00484642 ...  0.00375378 -0.00138658
   0.00312895]
 [ 0.00208946  0.00658496 -0.00259798 ...  0.01038955  0.00601926
   0.00767229]
 [ 0.00100722 -0.00168573  0.00359806 ...  0.00589603  0.0050105
  -0.00295395]
 ...
 [ 0.00187254  0.01418453 -0.00067628 ... -0.01006525 -0.0041501
  -0.01021541]
 [ 0.0036646  -0.00144776  0.00119669 ... -0.00030975  0.00365433
  -0.00063456]
 [-0.00678206 -0.00056059 -0.00067614 ...  0.01008321 -0.00107366
   0.0120517 ]]"	"[0.40871343 0.46834444 0.966108   0.71473548 0.40871343 0.85439345
 0.86167557 0.44439216 0.44439216 0.3056736  0.6746613  0.85439345
 0.20357596 0.54641164 0.40871343 0.39321208 0.40871343 0.40871343
 0.73242187 0.5161105  0.45229843 0.57848135 0.40871343 0.53112763
 0.53155845 0.66691388 0.40871343 0.73242187 0.5161105  0.75764388
 0.40871343 0.73907594 0.73242187 0.88956515 0.71473548 0.98858346
 0.75818903 0.6746613  0.47182296 0.23292615 0.23292615 0.20616859
 0.20357596 0.44439216 0.44439216 0.24427526 0.44439216 0.20357596
 0.20357596 0.20357596 0.966108   0.85439345 0.63674562 0.23292615
 0.40871343 0.66691388 0.63124557 0.68177993 0.85439345 0.63124557
 0.44652792 0.75818903 0.40871343 0.46976078 0.73242187 0.85439345
 0.40871343 0.53155845 0.73242187 0.59294275 0.5509632  0.40871343
 0.21059111 0.20777071 0.20357596 0.40871343 0.39321208 0.59294275
 0.31852308 0.39321208 0.76984751 0.40871343 0.44439216 0.54641164
 0.73242187 0.46976078 0.40871343 0.40871343 0.40871343 0.66691388
 0.75818903 0.73242187 0.5509632  0.21059111 0.44439216 0.20357596
 0.40871343 0.40871343 0.85439345 0.85439345]"	
21	y123	Shared Variance no cv, no ts and cv, no ts and no cv, ts	"[[ 9.85805843e-04 -1.12960958e-04 -1.15275860e-03 ...  7.75849216e-05
   5.59572396e-05  1.32788225e-04]
 [-3.43551085e-05 -9.27842473e-04 -1.19573757e-03 ...  1.53403622e-03
   1.19800413e-03  1.09039210e-03]
 [-3.43872723e-04 -1.12022449e-03 -1.66130271e-06 ...  1.14473345e-03
  -2.51280342e-04 -1.62194332e-04]
 ...
 [-1.89374414e-04 -1.01247738e-03 -6.33765392e-04 ... -1.76462101e-03
  -9.03847107e-04  6.35633926e-04]
 [ 2.09919712e-03 -8.86054816e-05  3.66438077e-04 ... -4.55031344e-04
  -1.12655790e-04 -1.67563677e-04]
 [-1.40275434e-04  1.94386565e-03  1.62310963e-03 ...  5.18830939e-04
  -5.13800884e-04 -3.72024132e-04]]"	"[0.98693897 0.98693897 0.98693897 0.98693897 0.98693897 0.98693897
 0.5054668  0.98693897 0.7685359  0.98693897 0.98693897 0.88439829
 0.98693897 0.98693897 0.11946176 0.98693897 0.98693897 0.98693897
 0.82272748 0.98693897 0.99611533 0.54111987 0.98693897 0.5054668
 0.98693897 0.98693897 0.98693897 0.88439829 0.35340771 0.25762877
 0.5054668  0.98693897 0.88439829 0.72942521 0.98693897 0.98693897
 0.72942521 0.82272748 0.5054668  0.98693897 0.98693897 0.5054668
 0.07759784 0.10190795 0.35340771 0.5054668  0.61960463 0.72942521
 0.98693897 0.98693897 0.39152158 0.11946176 0.5054668  0.98693897
 0.5054668  0.5054668  0.5054668  0.82272748 0.98693897 0.82272748
 0.88439829 0.5054668  0.78749405 0.98693897 0.98693897 0.54111987
 0.1196247  0.07684017 0.93496036 0.98693897 0.98693897 0.98693897
 0.98693897 0.72942521 0.88439829 0.98693897 0.88439829 0.98693897
 0.5054668  0.51084518 0.98693897 0.67791356 0.98693897 0.98693897
 0.98693897 0.98693897 0.5054668  0.98693897 0.5054668  0.72942521
 0.98693897 0.82272748 0.88439829 0.98693897 0.98693897 0.98693897
 0.98693897 0.98693897 0.98693897 0.98693897]"	
22	y124	Shared Variance no cv, no ts and cv, no ts and cv, ts	"[[ 0.01916222  0.00146259 -0.00047622 ...  0.01612092  0.00492728
   0.00528207]
 [-0.00089894  0.00422438  0.00218121 ... -0.00522136 -0.00713682
  -0.00764021]
 [-0.00593841  0.00653247 -0.00082229 ...  0.00600424 -0.00218373
  -0.00357169]
 ...
 [-0.00160907 -0.01684738  0.00081642 ... -0.00841279 -0.00343914
   0.00664487]
 [ 0.00871349  0.00477615 -0.01038277 ...  0.00134693 -0.00196982
  -0.00154608]
 [-0.00053915  0.00618487  0.00046113 ... -0.00307217 -0.00372042
  -0.00692162]]"	"[0.89485005 0.91853747 0.91122102 0.83847106 0.70315762 0.91122102
 0.94199233 0.67137832 0.98621219 0.83847106 0.89485005 0.89485005
 0.70315762 0.89485005 0.83847106 0.899291   0.89485005 0.70315762
 0.70315762 0.89485005 0.81380596 0.70315762 0.81380596 0.91122102
 0.899291   0.899291   0.70315762 0.04893321 0.01226974 0.00504617
 0.00504617 0.16297772 0.70315762 0.89485005 0.91122102 0.83847106
 0.68666411 0.58179019 0.70315762 0.89485005 0.91122102 0.89485005
 0.98621219 0.91122102 0.89485005 0.81380596 0.70315762 0.89485005
 0.89485005 0.70315762 0.89485005 0.89485005 0.89485005 0.68666411
 0.1122341  0.53118697 0.83847106 0.9451402  0.70315762 0.59159806
 0.66638444 0.70315762 0.67137832 0.83847106 0.89485005 0.93593303
 0.89485005 0.81380596 0.89485005 0.70315762 0.899291   0.91122102
 0.98621219 0.98193978 0.98193978 0.89485005 0.89485005 0.9451402
 0.70315762 0.59159806 0.89485005 0.68666411 0.98858416 0.70315762
 0.9451402  0.91122102 0.70315762 0.81380596 0.70315762 0.70315762
 0.98621219 0.97773984 0.70315762 0.98193978 0.91122102 0.74216097
 0.70315762 0.9451402  0.31022193 0.81380596]"	
23	y134	Shared Variance no cv, no ts and no cv, ts and cv, ts	"[[ 1.05032682e-05 -1.22239253e-03  1.45068991e-03 ...  4.18961552e-04
   1.07478593e-03  3.77767208e-03]
 [ 2.50744003e-03 -5.25091117e-03 -9.04684946e-04 ...  5.40232245e-03
   1.67041296e-02  8.07952451e-03]
 [-1.64520429e-03  2.70201600e-03  7.20393951e-03 ...  6.87069393e-03
  -8.19492504e-04 -2.14444760e-03]
 ...
 [-1.98381642e-03 -7.56601100e-03  3.34510170e-04 ...  5.29996691e-03
   5.63352874e-03  4.18353959e-04]
 [ 2.70881651e-03  3.64831655e-03  4.42496745e-03 ... -7.23286993e-05
   6.84604020e-04  2.62127384e-03]
 [-3.25769474e-04 -7.51605929e-04 -9.30805124e-03 ... -1.27129968e-02
  -6.81989711e-03 -1.11166015e-02]]"	"[0.81920079 0.81920079 0.81920079 0.81920079 0.81920079 0.81920079
 0.81920079 0.92838853 0.81920079 0.81920079 0.81920079 0.81920079
 0.81920079 0.81920079 0.81920079 0.81920079 0.81920079 0.81920079
 0.81920079 0.81920079 0.81920079 0.81920079 0.81920079 0.81920079
 0.81920079 0.90073478 0.81920079 0.81920079 0.81920079 0.81920079
 0.81920079 0.98180002 0.81920079 0.81920079 0.81920079 0.81920079
 0.81920079 0.84619994 0.81920079 0.81920079 0.81920079 0.81920079
 0.81920079 0.81920079 0.81920079 0.81920079 0.81920079 0.81920079
 0.81920079 0.81920079 0.81920079 0.81920079 0.81920079 0.81920079
 0.81920079 0.81920079 0.98180002 0.92838853 0.81920079 0.81920079
 0.81920079 0.81920079 0.81920079 0.81920079 0.98313695 0.81920079
 0.81920079 0.81920079 0.81920079 0.81920079 0.81920079 0.89675756
 0.81920079 0.81920079 0.81920079 0.84619994 0.81920079 0.81920079
 0.81920079 0.81920079 0.81920079 0.81920079 0.81920079 0.81920079
 0.81920079 0.81920079 0.81920079 0.81920079 0.81920079 0.98234274
 0.81920079 0.81920079 0.81920079 0.81920079 0.92838853 0.81920079
 0.84619994 0.81920079 0.81920079 0.81920079]"	
24	y234	Shared Variance cv, no ts and no cv, ts and cv, ts	"[[ 0.00305164  0.00303186  0.00378342 ...  0.00431924  0.00170022
  -0.00149775]
 [ 0.0012014  -0.00225443 -0.00214448 ... -0.01434973 -0.0137044
  -0.00956482]
 [ 0.00117056 -0.00198769 -0.00052764 ... -0.00569398 -0.00225551
  -0.00144649]
 ...
 [ 0.00057131 -0.00536639 -0.00051812 ... -0.00179233 -0.00087634
   0.0044192 ]
 [-0.00777781 -0.00564494 -0.00693595 ...  0.00073517 -0.00146863
  -0.00023317]
 [ 0.00024874  0.00234979 -0.00142093 ... -0.0014348  -0.00030589
   0.00843484]]"	"[0.57213184 0.35826069 0.58422968 0.72924172 0.6198519  0.72924172
 0.95424928 0.74377424 0.53378415 0.72924172 0.77957559 0.72924172
 0.43160984 0.57213184 0.35826069 0.77957559 0.77957559 0.72924172
 0.57213184 0.58422968 0.57213184 0.35826069 0.35826069 0.6198519
 0.43160984 0.74377424 0.87484388 0.74377424 0.95424928 0.80959142
 0.53378415 0.35826069 0.64909774 0.77957559 0.57213184 0.53378415
 0.68053623 0.6198519  0.95155675 0.57213184 0.57213184 0.58422968
 0.35826069 0.37218305 0.35826069 0.35826069 0.57213184 0.35826069
 0.53378415 0.53378415 0.6198519  0.57213184 0.61808959 0.53378415
 0.6198519  0.68053623 0.35826069 0.74608896 0.74495502 0.35826069
 0.35826069 0.76306981 0.597314   0.35826069 0.53378415 0.76285972
 0.67228552 0.74377424 0.35826069 0.53378415 0.35826069 0.35826069
 0.73360463 0.79928932 0.56608507 0.35826069 0.72924172 0.57213184
 0.35826069 0.35826069 0.58422968 0.35826069 0.35826069 0.35826069
 0.49877689 0.74377424 0.6198519  0.35826069 0.35826069 0.35826069
 0.57213184 0.58422968 0.63764361 0.35826069 0.53378415 0.6198519
 0.57213184 0.35826069 0.35826069 0.72924172]"	
25	y1234	Shared Variance no cv, no ts and cv, no ts and no cv, ts and cv, ts	"[[ 1.73586021e-03 -3.39628599e-03 -2.60065935e-03 ... -3.40823030e-03
   1.28339376e-02  1.70338315e-02]
 [ 5.88362072e-03  6.45858823e-03 -1.39741547e-04 ...  3.15160596e-02
   1.06286932e-02  2.79507688e-02]
 [-3.93036150e-03 -1.47072966e-03  7.45968964e-05 ... -9.96491234e-03
  -2.67594376e-03  8.57440844e-03]
 ...
 [ 1.98920025e-02  1.67648488e-03  4.16542381e-03 ... -1.36609505e-03
  -4.52443734e-03 -2.85502638e-03]
 [-1.82462170e-02  1.14941889e-02  5.39466966e-03 ...  1.16807862e-02
   5.54612936e-03 -1.25768413e-03]
 [ 5.84338841e-04 -5.34175055e-03  1.12389490e-03 ... -1.86880445e-03
   3.41747055e-03 -1.07281624e-02]]"	"[2.91071199e-01 6.76472733e-01 9.97724810e-01 7.33727536e-01
 7.18094442e-01 8.52014696e-01 4.98201914e-01 6.33308462e-01
 9.99863660e-01 8.44991598e-01 1.02410569e-01 6.55390680e-01
 7.33727536e-01 5.05934964e-01 4.67262652e-01 7.34914784e-01
 6.80458618e-02 2.23793068e-01 8.97555380e-01 5.84911371e-01
 8.28311212e-01 1.70080564e-01 4.98201914e-01 7.78448728e-01
 7.48802791e-01 3.56555394e-01 9.97724810e-01 2.20699438e-01
 1.09848394e-03 5.44577312e-05 8.31228158e-06 4.77918795e-07
 4.77918795e-07 1.50453805e-06 5.04219268e-05 1.27379865e-04
 5.04219268e-05 2.44202173e-05 2.44202173e-05 2.44202173e-05
 3.96997998e-05 1.38186570e-04 6.45166424e-04 9.59707620e-04
 1.38989881e-03 1.29274592e-03 1.55384616e-03 5.64554140e-03
 7.88633830e-03 1.73851430e-02 2.13153511e-02 9.12867435e-03
 1.09848394e-03 5.18094277e-03 1.16005847e-04 6.45166424e-04
 8.19595669e-02 1.65670881e-01 1.17451304e-01 1.70080564e-01
 6.80458618e-02 2.05310016e-01 6.80458618e-02 2.94656769e-01
 2.94656769e-01 1.84051409e-01 3.52849135e-01 6.32891475e-01
 8.89657291e-01 1.70080564e-01 1.39057633e-01 1.37194662e-01
 1.60221261e-01 1.84218132e-01 6.17235424e-01 3.46896479e-01
 2.30089967e-01 2.91071199e-01 4.28368218e-01 5.84911371e-01
 1.56453913e-01 1.56453913e-01 6.80458618e-02 5.94061957e-01
 4.70525711e-01 7.18094442e-01 4.41703659e-01 1.48120500e-01
 4.98201914e-01 6.49777989e-01 2.57023705e-01 5.44827977e-01
 2.91071199e-01 2.57023705e-01 1.10454094e-01 6.08743593e-01
 4.41703659e-01 2.19356232e-01 2.05310016e-01 3.52849135e-01]"	
